
\c cart_dev;

INSERT INTO store (store_name, store_address, store_city, store_state, store_zipCode, store_latitude, store_longitude, store_image, store_hours, store_accepts_EBT, store_phone_number)
VALUES
    ('City Fresh Market', '229 Knickerbocker Ave #2401', 'Brooklyn', 'NY', 11237, 40.703300612791395, -73.92541353603215, 'https://www.cityfreshmarket.com/wp_2013/wp-content/uploads/2021/08/City-Fresh-Market_store-exterior.jpg', 'Mon - Sat 24 hours', true, '(123) 456-7890'),
    ('Mr. Lemon', '410 Knickerbocker Ave', 'Brooklyn', 'NY', 11237, 40.69979285557537, -73.92011536460568, 'https://db535g4onu9gg.cloudfront.net/eyJidWNrZXQiOiJtZXJjYXRvLWltYWdlcyIsImVkaXRzIjp7InJlc2l6ZSI6eyJmaXQiOiJmaWxsIiwid2lkdGgiOjM5MCwiaGVpZ2h0IjozOTB9fSwia2V5Ijoic3RvcmUtaW1hZ2VzLzRhSnlQaVFGT0RaQTJEa0ZjeTB0R1plemVyaGpzaWF0VGp0eW0yckQuanBnIn0=', '7:00 AM - 11:00 PM', false, '(987) 654-3210'),
    ('bp', '1379 Halsey St', 'Brooklyn', 'NY', 11237, 40.696353567345774, -73.90529223474957, 'https://bloximages.chicago2.vip.townnews.com/moraminn.com/content/tncms/assets/v3/editorial/c/4b/c4bf0a28-c630-11ec-9790-63a59f47cc38/62694a51438ea.image.jpg?resize=400%2C200', 'Mon-Fri: 8am-10pm, Sat-Sun: 9am-9pm', true, '(789) 012-3456'),
    ('Buena Vista Deli & Grocery', '152 Knickerbocker Ave', 'Brooklyn', 'NY', 11237, 40.704130, -73.928230, 'https://media-cdn.tripadvisor.com/media/photo-s/17/6a/4f/10/buena-vista-market.jpg', '9:00 AM - 9:00 PM', true, '(555) 123-4567'),
    ('EUROPE', '307 Brighton Beach Ave', 'Brooklyn', 'NY', 11235, 40.70438381157098, -73.9282297795696, 'https://l450v.alamy.com/450v/2hg6c26/brighton-beach-brooklyn-new-york-city-new-york-usa-november-6-2021-market-selling-european-foods-in-brooklyn-2hg6c26.jpg', '8:00 AM - 8:00 PM', true, '(222) 999-7777'),
    ('Atlantis', '1127 Flushing Ave', 'Brooklyn', 'NY', 11237, 40.70571614112773, -73.92697052334077, 'https://s3-media0.fl.yelpcdn.com/bphoto/FtRIzIYwZm9ELWJjd-ZcYA/348s.jpg', '10:00 AM - 8:00 PM', true, '(246) 135-7900'),
    ('Valery Deli Grocery Store', '214 Knickerbocker Ave', 'Brooklyn', 'NY', 11237, 40.7033961794022, -73.92642040648713, 'https://lh3.googleusercontent.com/p/AF1QipNveMLhM6XARij34NCdDN1hz2OOE9EiCmu3ERVa=w1080-h608-p-no-v0', '7:30 AM - 9:30 PM', true, '(888) 555-1212'),
    ('Clasico Grocery', '343 Knickerbocker Ave', 'Brooklyn', 'NY', 11237, 40.7012949848629, -73.92192725191506, 'https://fastly.4sqi.net/img/general/600x600/52267008_Ysly7MFq4edyrFJKhMH3-q_KjqPkKW0UR9WXdlEKTRk.jpg', '9:00 AM - 7:00 PM', true, '(444) 777-3333'),
    ('To The World Farm', '655 Grand St #4854', 'Brooklyn', 'NY', 11211, 40.71184408768853, -73.94614722081499, 'https://ir.4sqi.net/img/general/original/XQ55DNA0OJ25DMNN40BPAECWKQSZ10LZSJK1FCRUZBCB1QSP.jpg', '10:30 AM - 6:30 PM', false, '(777) 111-3333'),
    ('Williams Avenue Community Garden', '88 Williams Ave', 'Brooklyn', 'NY', 11207, 40.67444555403127, -73.90058403283683, 'https://williams.mapseed.org/static/css/images/Willams-Ave-BK.jpg', '6:00 AM - 12:00 AM', false, '(321) 654-9870'),
    ('New Andys Deli', '873 Broadway', 'New York', 'NY', 10003, 40.73862788, -73.98820539, 'https://s3.amazonaws.com/4urspace_location_images/location_29020/images/e95c741a607a0de4b31669e4209ba63d_small.JPG', 'Mon - Sun 24 Hours', false, '(212) 477-1110'),
    ('Café Deli - Cious', '115 W 23rd St', 'New York', 'NY', 10011, 40.74395298, -73.99306846, 'https://s3-media0.fl.yelpcdn.com/bphoto/NpCvRimLrHlzJ-FMXvT4IA/348s.jpg', 'Mon - Sun 24 Hours', false, '(212) 604-0004'),
    ('Salt & Pepper Gourment', '10 E 23rd St # 12', 'New York', 'NY', 10010, 40.74174155, -73.98877716, 'https://media-cdn.grubhub.com/image/upload/d_search:browse-images:default.jpg/w_300', 'Mon - Sun 24 Hours', true, '(917) 675-6635'),
    ('CVS Pharmacy', '750 6th Ave', 'New York', 'NY', 10010, 40.744048, -73.99180374, 'https://s3.amazonaws.com/4urspace_location_images/location_24691/images/1be1a2f2d4247f2331f1f617784f8de3_small.JPG', 'Mon - Sun 7am - 12am', true, '(646) 336-8388'),
    ('7-Eleven', '107 E 23rd St', 'New York', 'NY', 10010, 40.74070035, -73.98585904, 'https://s3-media0.fl.yelpcdn.com/bphoto/dS3RKhBtUM06RoPqc_GMuQ/348s.jpg', 'Mon - Sun 24 Hours', true, '(212) 260-7284'),
    ('Morton Williams Supermarket', '278 Park Ave S', 'New York', 'NY', 10010, 40.73980097, -73.98721244, 'https://s3.amazonaws.com/4urspace_location_images/location_29340/images/7bcb79a8472733fed3d24a695969ea82_xl.JPG', 'Mon - Sun 24 Hours', false, '(212) 982-7326'),
    ('Trader Joes', '675 6th Ave', 'New York', 'NY', 10010, 40.74271277, -73.99418708, 'https://s3.amazonaws.com/4urspace_location_images/location_29340/images/7bcb79a8472733fed3d24a695969ea82_xl.JPG', 'Mon - Sun 8am - 9pm', true, '(212) 255-2106'),
    ('Fairway Market of Chelsea', '766 6th Ave', 'New York', 'NY', 10010, 40.74498693, -73.99140734, 'https://lh5.googleusercontent.com/p/AF1QipPkv6o_VYQM46TSnPQ9-GMW2HTpfiJi3XMx0TQ', 'Mon - Sun 7am - 9pm', true, '(718) 569-4533'),
    ('Whole Foods', '63 Madison Ave', 'New York', 'NY', 10016, 40.74349826, -73.9855149, 'https://media.wholefoodsmarket.com/app/uploads/2022/06/i-h6fD2XB-X2.jpg', 'Mon - Sun 7am - 10pm', true, '(646) 779-2848'),
    ('Westside Market NYC', '170 W 23rd St', 'New York', 'NY', 10011, 40.74359677, -73.99529081, 'https://dynl.mktgcdn.com/p/dO7UXWJ_AQMcVDqQtbto8lfII_SATu7zBzGNKg_pRyg/800x800.jpg', 'Mon - Sun 7am - 12am', true, '(212) 627-6160'),
    ('Garden of Eden', '7 E 14th St', 'New York', 'NY', 10003, 40.73593524, -73.99288659, 'https://db535g4onu9gg.cloudfront.net/eyJidWNrZXQiOiJtZXJjYXRvLWltYWdlcyIsImVkaXRzIjp7InJlc2l6ZSI6eyJmaXQiOiJmaWxsIiwid2lkdGgiOjM5MCwiaGVpZ2h0IjozOTB9fSwia2V5Ijoic3RvcmUtaW1hZ2VzL3Z0T2RXOGlXMWF0U2F5M3l4Z2NmMzJCQm1ISUd6TndPMVVETHcwSTEuanBnIn0=', 'Mon - Sun 7am - 9pm', true, '(212) 255-4200'),
    ('Sunac Fancy Food', '765 6th Ave', 'New York', 'NY', 10010, 40.74477904, -73.99175307, 'https://whereyoueat.com/r_gallery_images/rgallery-24319/Sunac_1.JPG', 'Mon - Friday 7am - 10pm, Sat 7am - 9pm, Sun 7am - 5pm', false, '(212) 229-0301'),
    ('Target', '112 W 34th St.', 'New York', 'NY', 10120, 40.74983531, -73.98871553, 'https://www.esrtreit.com/wp-content/uploads/112-Exterior-7-1-scaled.jpg', 'Mon - Sun 9am - 10pm', true, '(646) 968-4739');


INSERT INTO product (product_name, product_image, product_description, product_category, product_weight, product_unit, product_brand, product_is_tree_nuts_free, product_is_egg_free, product_is_fresh, product_is_frozen, product_is_halal, product_is_kosher, product_is_non_processed, product_is_organic, product_is_vegetarian, product_is_stock, product_is_vegan_friendly, product_is_seafood, product_is_peanut_free, product_is_caffeine, product_is_dairy_free, product_is_no_preservatives, product_is_no_added_sugar, product_is_nuts_free, product_is_keto_friendly, product_is_low_carb_diet, product_is_gluten_free, product_is_international) 
VALUES
    ('Fuji apples', 'https://www.kroger.com/product/images/xlarge/front/0000000004131', 'Fresh and crisp Fuji apples.', 'Fruits', 0.2, 'lbs', 'Fuji Farms', TRUE, TRUE, TRUE, FALSE, FALSE, FALSE, TRUE, TRUE, TRUE, TRUE, TRUE, FALSE, FALSE, TRUE, TRUE, TRUE, TRUE, TRUE, TRUE, TRUE, TRUE, FALSE),
    ('Pineapples', 'https://www.healthxchange.sg/sites/hexassets/Assets/food-nutrition/pineapple-health-benefits-and-ways-to-enjoy.jpg', 'Tropical and tangy pineapples.', 'Fruits', 0.7, 'lbs', 'Pineapple Farms', TRUE, TRUE, TRUE, FALSE, FALSE, FALSE, TRUE, TRUE, TRUE, TRUE, TRUE, FALSE, FALSE, TRUE, TRUE, TRUE, TRUE, TRUE, TRUE, TRUE, TRUE, FALSE),
    ('Blackberries', 'https://img.imageboss.me/fourwinds/width/425/dpr:2/shop/products/shutterstock_418370446_a210b15a-5f81-47cf-8960-bbcbe38e2b0d.jpg?v=1531450064', 'Plump and flavorful blackberries.', 'Fruits', 0.18, 'lbs', 'Blackberry Farms', TRUE, TRUE, TRUE, FALSE, FALSE, FALSE, TRUE, TRUE, TRUE, TRUE, TRUE, FALSE, FALSE, TRUE, TRUE, TRUE, TRUE, TRUE, TRUE, TRUE, TRUE, FALSE),
    ('Soursop', 'https://encrypted-tbn1.gstatic.com/images?q=tbn:ANd9GcStthDEfaiPiN0ve4xIeJV5OsBOqVb16jhiKgbebUpeJFx9TDwk', 'Creamy and tropical soursop.', 'Fruits', 0.55, 'lbs', 'Soursop Farms', TRUE, TRUE, TRUE, FALSE, FALSE, FALSE, TRUE, TRUE, TRUE, TRUE, TRUE, FALSE, FALSE, TRUE, TRUE, TRUE, TRUE, TRUE, TRUE, TRUE, TRUE, TRUE),
    ('Mangoes', 'https://getfreshswansea.co.uk/wp-content/uploads/2020/07/mango.jpg', 'Tropical and juicy mangoes.', 'Fruits', 0.4, 'lbs', 'Mango Farms', TRUE, TRUE, TRUE, FALSE, FALSE, FALSE, TRUE, TRUE, TRUE, TRUE, TRUE, FALSE, FALSE, TRUE, TRUE, TRUE, TRUE, TRUE, TRUE, TRUE, TRUE, FALSE),
    ('Honeydew Melon', 'https://www.marysheirloomseeds.com/cdn/shop/products/il_570xN.1691084010_esnd_grande.jpg?v=1550011148', 'Sweet and succulent honeydew melon.', 'Fruits', 0.65, 'lbs', 'Honeydew Farms', TRUE, TRUE, TRUE, FALSE, FALSE, FALSE, TRUE, TRUE, TRUE, TRUE, TRUE, FALSE, FALSE, TRUE, TRUE, TRUE, TRUE, TRUE, TRUE, TRUE, TRUE, FALSE),
    ('Apricots', 'https://familytreefarms.com/wp-content/uploads/2021/04/Apricot.jpg', 'Sweet and juicy apricots.', 'Fruits', 0.15, 'lbs', 'Apricot Farms', TRUE, TRUE, TRUE, FALSE, FALSE, FALSE, TRUE, TRUE, TRUE, TRUE, TRUE, FALSE, FALSE, TRUE, TRUE, TRUE, TRUE, TRUE, TRUE, TRUE, TRUE, FALSE),
    ('Raspberries', 'https://img.imageboss.me/fourwinds/width/425/dpr:2/shop/products/shutterstock_1715335771.png?v=1624471747', 'Plump and juicy raspberries.', 'Fruits', 0.15, 'lbs', 'Raspberry Farms', TRUE, TRUE, TRUE, FALSE, FALSE, FALSE, TRUE, TRUE, TRUE, TRUE, TRUE, FALSE, FALSE, TRUE, TRUE, TRUE, TRUE, TRUE, TRUE, TRUE, TRUE, FALSE),
    ('Bananas', 'https://img.freepik.com/premium-photo/bunch-bananas-isolated-white-background-ripe-bananas-clipping-path-quality-macro-photo-your-project_517510-2967.jpg?w=2000', 'Sweet, ripe bananas', 'Fruits', 0.3, 'lb', 'Tropical Delights', TRUE, FALSE, TRUE, FALSE, TRUE, FALSE, FALSE, FALSE, TRUE,FALSE,FALSE,FALSE,FALSE,FALSE,FALSE,FALSE,FALSE,FALSE,FALSE,FALSE,FALSE,FALSE),
    ('Pomegranates', 'https://www.fourwindsgrowers.com/cdn/shop/products/shutterstock_287243924wonderfulpom_large.jpg?v=1531455614', 'Sweet and tangy pomegranates.', 'Fruits', 0.4, 'lbs', 'Pomegranate Farms', TRUE, TRUE, TRUE, FALSE, FALSE, FALSE, TRUE, TRUE, TRUE, TRUE, TRUE, FALSE, FALSE, TRUE, TRUE, TRUE, TRUE, TRUE, TRUE, TRUE, TRUE, FALSE),
    ('Blueberries', 'https://img.imageboss.me/fourwinds/width/425/dpr:2/shop/products/shutterstock_167872100blueberry1.jpg?v=1531795854', 'Sweet and antioxidant-rich blueberries.', 'Fruits', 0.16, 'lbs', 'Blueberry Farms', TRUE, TRUE, TRUE, FALSE, FALSE, FALSE, TRUE, TRUE, TRUE, TRUE, TRUE, FALSE, FALSE, TRUE, TRUE, TRUE, TRUE, TRUE, TRUE, TRUE, TRUE, FALSE),
    ('Avocados', 'https://images.immediate.co.uk/production/volatile/sites/30/2020/02/Avocados-3d84a3a.jpg?quality=90&resize=556,505', 'Creamy and versatile avocados.', 'Fruits', 0.3, 'lbs', 'Avocado Farms', TRUE, TRUE, TRUE, FALSE, FALSE, FALSE, TRUE, TRUE, TRUE, TRUE, TRUE, FALSE, FALSE, TRUE, TRUE, TRUE, TRUE, TRUE, TRUE, TRUE, TRUE, FALSE),
    ('Lemons', 'https://www.thedailymeal.com/img/gallery/stop-making-these-mistakes-with-lemons/intro-1670422802.jpg', 'Zesty and aromatic lemons.', 'Fruits', 0.2, 'lbs', 'Citrus Farms', TRUE, TRUE, TRUE, FALSE, FALSE, FALSE, TRUE, TRUE, TRUE, TRUE, TRUE, FALSE, FALSE, TRUE, TRUE, TRUE, TRUE, TRUE, TRUE, TRUE, TRUE, FALSE),
    ('Pink Lady apples', 'https://www.greenlanedelivery.com/cdn/shop/products/pinkladyapple.jpg?v=1679612632', 'Sweet and crisp Pink Lady apples.', 'Fruits', 0.25, 'lbs', 'Pink Lady Farms', TRUE, TRUE, TRUE, FALSE, FALSE, FALSE, TRUE, TRUE, TRUE, TRUE, TRUE, FALSE, FALSE, TRUE, TRUE, TRUE, TRUE, TRUE, TRUE, TRUE, TRUE, FALSE),
    ('Cherries', 'https://www.wymans.com/cdn/shop/products/Cherries_cue_364x352.jpg?v=1691415827', 'Juicy and red cherries.', 'Fruits', 0.2, 'lbs', 'Cherry Orchards', TRUE, TRUE, TRUE, FALSE, FALSE, FALSE, TRUE, TRUE, TRUE, TRUE, TRUE, FALSE, FALSE, TRUE, TRUE, TRUE, TRUE, TRUE, TRUE, TRUE, TRUE, FALSE),
    ('Star fruit', 'https://congotropicals.com/cdn/shop/products/Startfruit-Carambola-FL-6_22b15187-8d18-4503-8911-fa3f8328e624_850x.jpg?v=1606524940', 'Unique and tropical star fruit.', 'Fruits', 0.3, 'lbs', 'Star Fruit Farms', TRUE, TRUE, TRUE, FALSE, FALSE, FALSE, TRUE, TRUE, TRUE, TRUE, TRUE, FALSE, FALSE, TRUE, TRUE, TRUE, TRUE, TRUE, TRUE, TRUE, TRUE, FALSE),
    ('Watermelon', 'https://getfreshswansea.co.uk/wp-content/uploads/2020/07/watermelon.jpg', 'Refreshing and hydrating watermelon.', 'Fruits', 0.8, 'lbs', 'Watermelon Farms', TRUE, TRUE, TRUE, FALSE, FALSE, FALSE, TRUE, TRUE, TRUE, TRUE, TRUE, FALSE, FALSE, TRUE, TRUE, TRUE, TRUE, TRUE, TRUE, TRUE, TRUE, FALSE),
    ('Papayas', 'https://shawellness.com/shamagazine/wp-content/uploads/papaya.jpg', 'Sweet and tropical papayas.', 'Fruits', 0.55, 'lbs', 'Papaya Farms', TRUE, TRUE, TRUE, FALSE, FALSE, FALSE, TRUE, TRUE, TRUE, TRUE, TRUE, FALSE, FALSE, TRUE, TRUE, TRUE, TRUE, TRUE, TRUE, TRUE, TRUE, FALSE),
    ('Peaches', 'https://encrypted-tbn0.gstatic.com/images?q=tbn:ANd9GcTVTsWprUXw04rz_OdYTfzqRK1LVp26DMrxENRSXz0l98Kz0ml1hKu5ifcPiNbM1ckxrjA&usqp=CAU', 'Juicy and aromatic peaches.', 'Fruits', 0.3, 'lbs', 'Peach Farms', TRUE, TRUE, TRUE, FALSE, FALSE, FALSE, TRUE, TRUE, TRUE, TRUE, TRUE, FALSE, FALSE, TRUE, TRUE, TRUE, TRUE, TRUE, TRUE, TRUE, TRUE, FALSE),
    ('Pears', 'https://static.libertyprim.com/files/familles/poire-large.jpg?1569271830', 'Crisp and sweet pears.', 'Fruits', 0.35, 'lbs', 'Pear Farms', TRUE, TRUE, TRUE, FALSE, FALSE, FALSE, TRUE, TRUE, TRUE, TRUE, TRUE, FALSE, FALSE, TRUE, TRUE, TRUE, TRUE, TRUE, TRUE, TRUE, TRUE, FALSE), 
    ('Plantains', 'https://www.foodrepublic.com/img/gallery/whats-the-difference-between-bananas-and-plantains/l-intro-1684519935.jpg', 'Versatile and starchy plantains.', 'Fruits', 0.4, 'lbs', 'Plantain Farms', TRUE, TRUE, TRUE, FALSE, FALSE, FALSE, TRUE, TRUE, TRUE, TRUE, TRUE, FALSE, FALSE, TRUE, TRUE, TRUE, TRUE, TRUE, TRUE, TRUE, TRUE, FALSE),
    ('Plums', 'https://skinkraft.com/cdn/shop/articles/Evidence-Based_0eff67fd-86c2-400a-b4a1-7fe2d9a14db5_1024x400.jpg?v=1639470268', 'Sweet and juicy plums.', 'Fruits', 0.25, 'lbs', 'Plum Farms', TRUE, TRUE, TRUE, FALSE, FALSE, FALSE, TRUE, TRUE, TRUE, TRUE, TRUE, FALSE, FALSE, TRUE, TRUE, TRUE, TRUE, TRUE, TRUE, TRUE, TRUE, FALSE),
    ('Rainier cherries', 'https://images.squarespace-cdn.com/content/v1/5e5ecc8d00cbd657d2fa253b/1586379539094-PL0L7A77O1RMDZE4ZXFG/Rainiers.png', 'Sweet and yellow Rainier cherries.', 'Fruits', 0.22, 'lbs', 'Rainier Cherry Farms', TRUE, TRUE, TRUE, FALSE, FALSE, FALSE, TRUE, TRUE, TRUE, TRUE, TRUE, FALSE, FALSE, TRUE, TRUE, TRUE, TRUE, TRUE, TRUE, TRUE, TRUE, FALSE),
    ('Dairy Milk Roast Almond',	'https://m.media-amazon.com/images/I/71esgg2IbsL._SL1500_.jpg',	'CADBURY DAIRY MILK Roast Almond Milk Chocolate with Roasted Almonds Candy',	'Sweets',	3.5, 'oz',	'CADBURY',	FALSE,	TRUE,	FALSE,	FALSE,	TRUE,	TRUE,	FALSE,	FALSE,	TRUE,	TRUE,	FALSE,	FALSE,	TRUE,	FALSE,	FALSE,	FALSE,	FALSE,	FALSE,	FALSE,	TRUE,	TRUE,	TRUE),
    ('Cranberries', 'https://producemadesimple.ca/wp-content/uploads/2016/11/cranberries-99679817.jpg', 'Tart and tangy cranberries.', 'Fruits', 0.12, 'lbs', 'Cranberry Farms', TRUE, TRUE, TRUE, FALSE, FALSE, FALSE, TRUE, TRUE, TRUE, TRUE, TRUE, FALSE, FALSE, TRUE, TRUE, TRUE, TRUE, TRUE, TRUE, TRUE, TRUE, FALSE),
    ('Bajan Seasoning','https://www.bajanthings.com/wp-content/uploads/2015/01/delish_bajan_seasoning-791x1024.jpg', 'Barbados Bajas Seasoning', 'Condiments', 1, 'oz', 'swad', TRUE, TRUE, TRUE, FALSE, FALSE, FALSE, TRUE, TRUE, TRUE, TRUE, TRUE, FALSE, FALSE, TRUE, TRUE, TRUE, TRUE, TRUE, TRUE, TRUE, TRUE, TRUE),
    ('Bru Filter Coffee', 'https://cdn.shopclues.com/images/detailed/44873/287297_1475064430.jpg','yummy south indian filter coffee', 'Beverages', 1, 'oz', 'swad', TRUE, TRUE, TRUE, FALSE, FALSE, FALSE, TRUE, TRUE, TRUE, TRUE, TRUE, FALSE, FALSE, TRUE, TRUE, TRUE, TRUE, TRUE, TRUE, TRUE, TRUE, TRUE),
    ('Jonagold apples', 'https://m.media-amazon.com/images/S/assets.wholefoodsmarket.com/PIE/product/582cb6543760a8d23dcceedc_produce-freshfruits-94147-jonagoldapple._TTD_._SR600,600_._QL100_.jpg', 'Tangy and sweet Jonagold apples.', 'Fruits', 0.25, 'lbs', 'Jonagold Farms', TRUE, TRUE, TRUE, FALSE, FALSE, FALSE, TRUE, TRUE, TRUE, TRUE, TRUE, FALSE, FALSE, TRUE, TRUE, TRUE, TRUE, TRUE, TRUE, TRUE, TRUE, FALSE),
    ('Dragon fruit', 'https://images.heb.com/is/image/HEBGrocery/000890098-1', 'Exotic and vibrant dragon fruit.', 'Fruits', 0.45, 'lbs', 'Exotic Farms', TRUE, TRUE, TRUE, FALSE, FALSE, FALSE, TRUE, TRUE, TRUE, TRUE, TRUE, FALSE, FALSE, TRUE, TRUE, TRUE, TRUE, TRUE, TRUE, TRUE, TRUE, FALSE),
    ('Grapefruit', 'https://www.firstchoiceproduce.com/wp-content/uploads/2020/03/pink-grapefruit.jpg', 'Tangy and refreshing grapefruit.', 'Fruits', 0.35, 'lbs', 'Citrus Farms', TRUE, TRUE, TRUE, FALSE, FALSE, FALSE, TRUE, TRUE, TRUE, TRUE, TRUE, FALSE, FALSE, TRUE, TRUE, TRUE, TRUE, TRUE, TRUE, TRUE, TRUE, FALSE),
    ('Honey Crisp apples', 'https://images.albertsons-media.com/is/image/ABS/184020020?$ng-ecom-pdp-desktop$&defaultImage=Not_Available', 'Crisp and sweet Honey Crisp apples.', 'Fruits', 0.3, 'lbs', 'Honey Crisp Orchards', TRUE, TRUE, TRUE, FALSE, FALSE, FALSE, TRUE, TRUE, TRUE, TRUE, TRUE, FALSE, FALSE, TRUE, TRUE, TRUE, TRUE, TRUE, TRUE, TRUE, TRUE, FALSE),
    ('Limes', 'https://askthefoodgeek.com/wp-content/uploads/2017/02/Limes-in-season-1.jpg', 'Tart and juicy limes.', 'Fruits', 0.15, 'lbs', 'Citrus Farms', TRUE, TRUE, TRUE, FALSE, FALSE, FALSE, TRUE, TRUE, TRUE, TRUE, TRUE, FALSE, FALSE, TRUE, TRUE, TRUE, TRUE, TRUE, TRUE, TRUE, TRUE, FALSE),
    ('Cantaloupes', 'https://ipcdn.freshop.com/resize?url=https://images.freshop.com/produce_melons_cantaloupe/ba62e6c398a38600f4fe50fc13bde42b_large.png&width=512&type=webp&quality=90', 'Sweet and fragrant cantaloupes.', 'Fruits', 0.6, 'lbs', 'Cantaloupe Farms', TRUE, TRUE, TRUE, FALSE, FALSE, FALSE, TRUE, TRUE, TRUE, TRUE, TRUE, FALSE, FALSE, TRUE, TRUE, TRUE, TRUE, TRUE, TRUE, TRUE, TRUE, FALSE),
    ('McIntosh apples', 'https://fowlerfarms.com/wp-content/uploads/2020/07/Mcintosh.png', 'Classic McIntosh apples with a tart flavor.', 'Fruits', 0.2, 'lbs', 'McIntosh Orchards', TRUE, TRUE, TRUE, FALSE, FALSE, FALSE, TRUE, TRUE, TRUE, TRUE, TRUE, FALSE, FALSE, TRUE, TRUE, TRUE, TRUE, TRUE, TRUE, TRUE, TRUE, FALSE),
    ('Ginger Gold apples', 'https://riveridgeproduce.com/wp-content/uploads/2017/05/GingerGold1-e1542812938941.jpg', 'Delightfully crunchy Ginger Gold apples.', 'Fruits', 0.18, 'lbs', 'Ginger Gold Farms', TRUE, TRUE, TRUE, FALSE, FALSE, FALSE, TRUE, TRUE, TRUE, TRUE, TRUE, FALSE, FALSE, TRUE, TRUE, TRUE, TRUE, TRUE, TRUE, TRUE, TRUE, FALSE),
    ('Nectarines', 'https://familytreefarms.com/wp-content/uploads/2021/04/NectarineYellow.jpg', 'Sweet and juicy nectarines.', 'Fruits', 0.25, 'lbs', 'Nectarine Farms', TRUE, TRUE, TRUE, FALSE, FALSE, FALSE, TRUE, TRUE, TRUE, TRUE, TRUE, FALSE, FALSE, TRUE, TRUE, TRUE, TRUE, TRUE, TRUE, TRUE, TRUE, FALSE),
    ('Blood oranges', 'https://www.melissas.com/cdn/shop/products/image-of-blood-oranges-fruit-28657870143532_600x600.jpg?v=1628015991', 'Rich and tangy blood oranges.', 'Fruits', 0.3, 'lbs', 'Citrus Farms', TRUE, TRUE, TRUE, FALSE, FALSE, FALSE, TRUE, TRUE, TRUE, TRUE, TRUE, FALSE, FALSE, TRUE, TRUE, TRUE, TRUE, TRUE, TRUE, TRUE, TRUE, FALSE),
    ('Clementines', 'https://www.jaimefruitsetlegumes.ca/wp-content/uploads/2019/09/Clementine-700x700.png', 'Small and sweet clementines.', 'Fruits', 0.15, 'lbs', 'Citrus Farms', TRUE, TRUE, TRUE, FALSE, FALSE, FALSE, TRUE, TRUE, TRUE, TRUE, TRUE, FALSE, FALSE, TRUE, TRUE, TRUE, TRUE, TRUE, TRUE, TRUE, TRUE, FALSE),
    ('Red Delicious apples', 'https://www.bfmazzeo.com/mm5/graphics/00000001/1/red%20delicious%20apple.jpg', 'Iconic Red Delicious apples.', 'Fruits', 0.23, 'lbs', 'Red Delicious Farms', TRUE, TRUE, TRUE, FALSE, FALSE, FALSE, TRUE, TRUE, TRUE, TRUE, TRUE, FALSE, FALSE, TRUE, TRUE, TRUE, TRUE, TRUE, TRUE, TRUE, TRUE, FALSE),
    ('Rome apples', 'https://resources.markon.com/sites/default/files/styles/large/public/pi_photos/Apples_Rome_Hero.jpg', 'Great for baking - Rome apples.', 'Fruits', 0.28, 'lbs', 'Rome Orchards', TRUE, TRUE, TRUE, FALSE, FALSE, FALSE, TRUE, TRUE, TRUE, TRUE, TRUE, FALSE, FALSE, TRUE, TRUE, TRUE, TRUE, TRUE, TRUE, TRUE, TRUE, FALSE),
    ('Acorn squash', 'https://images.albertsons-media.com/is/image/ABS/184710183?$ng-ecom-pdp-desktop$&defaultImage=Not_Available', 'Nutty and hearty acorn squash.', 'Vegetables', 0.6, 'lbs', 'Squash Farms', TRUE, TRUE, TRUE, FALSE, FALSE, FALSE, TRUE, TRUE, TRUE, TRUE, TRUE, FALSE, FALSE, TRUE, TRUE, TRUE, TRUE, TRUE, TRUE, TRUE, TRUE, FALSE),
    ('Beets', 'https://bresfreshmarket.com/wp-content/uploads/2020/05/beet.jpg', 'Sweet and earthy beets.', 'Vegetables', 0.25, 'lbs', 'Beet Farms', TRUE, TRUE, TRUE, FALSE, FALSE, FALSE, TRUE, TRUE, TRUE, TRUE, TRUE, FALSE, FALSE, TRUE, TRUE, TRUE, TRUE, TRUE, TRUE, TRUE, TRUE, FALSE),
    ('Broccoli', 'https://domf5oio6qrcr.cloudfront.net/medialibrary/5390/h1218g16207258089583.jpg', 'Crunchy and nutritious broccoli.', 'Vegetables', 0.35, 'lbs', 'Broccoli Farms', TRUE, TRUE, TRUE, FALSE, FALSE, FALSE, TRUE, TRUE, TRUE, TRUE, TRUE, FALSE, FALSE, TRUE, TRUE, TRUE, TRUE, TRUE, TRUE, TRUE, TRUE, FALSE),
    ('Broccolini', 'https://freshgenfoods.com/wp-content/uploads/2021/11/Broccolini-scaled.jpg', 'Tender and mild broccolini.', 'Vegetables', 0.2, 'lbs', 'Broccolini Farms', TRUE, TRUE, TRUE, FALSE, FALSE, FALSE, TRUE, TRUE, TRUE, TRUE, TRUE, FALSE, FALSE, TRUE, TRUE, TRUE, TRUE, TRUE, TRUE, TRUE, TRUE, FALSE),
    ('Brussel Sprouts', 'https://bcfresh.ca/wp-content/uploads/2021/11/Brussels-sprouts.jpg', 'Nutty and flavorful brussel sprouts.', 'Vegetables', 0.3, 'lbs', 'Brussel Sprout Farms', TRUE, TRUE, TRUE, FALSE, FALSE, FALSE, TRUE, TRUE, TRUE, TRUE, TRUE, FALSE, FALSE, TRUE, TRUE, TRUE, TRUE, TRUE, TRUE, TRUE, TRUE, FALSE),
    ('Butternut squash', 'https://cdn-prod.medicalnewstoday.com/content/images/articles/284/284479/butternut-squash.jpg', 'Sweet and creamy butternut squash.', 'Vegetables', 0.7, 'lbs', 'Squash Farms', TRUE, TRUE, TRUE, FALSE, FALSE, FALSE, TRUE, TRUE, TRUE, TRUE, TRUE, FALSE, FALSE, TRUE, TRUE, TRUE, TRUE, TRUE, TRUE, TRUE, TRUE, FALSE),
    ('Cabbage', 'https://encrypted-tbn0.gstatic.com/images?q=tbn:ANd9GcQa8J24sSIGS-ZsNz4xsfmBnmHzHjClLo6uVcDXE8rcOHFVN6xqTe5zSeK8nsaHWB2WwOU&usqp=CAU', 'Crisp and versatile cabbage.', 'Vegetables', 0.5, 'lbs', 'Cabbage Farms', TRUE, TRUE, TRUE, FALSE, FALSE, FALSE, TRUE, TRUE, TRUE, TRUE, TRUE, FALSE, FALSE, TRUE, TRUE, TRUE, TRUE, TRUE, TRUE, TRUE, TRUE, FALSE),
    ('Red Cabbage', 'https://target.scene7.com/is/image/Target/GUEST_b2d3b0c3-bedc-40b1-afed-55d71e0d4bca?wid=488&hei=488&fmt=pjpeg', 'Vibrant and nutritious red cabbage.', 'Vegetables', 0.55, 'lbs', 'Cabbage Farms', TRUE, TRUE, TRUE, FALSE, FALSE, FALSE, TRUE, TRUE, TRUE, TRUE, TRUE, FALSE, FALSE, TRUE, TRUE, TRUE, TRUE, TRUE, TRUE, TRUE, TRUE, FALSE),
    ('Gala apples', 'https://images.freshop.com/78538/4f3f1c37b810b9561b0080cb1ece7804_large.png', 'Sweet and juicy Gala apples.', 'Fruits', 0.25, 'lbs', 'Gala Orchard', TRUE, TRUE, TRUE, FALSE, FALSE, FALSE, TRUE, TRUE, TRUE, TRUE, TRUE, FALSE, FALSE, TRUE, TRUE, TRUE, TRUE, TRUE, TRUE, TRUE, TRUE, FALSE),
    ('Cauliflower', 'https://www.harrisfarm.com.au/cdn/shop/products/PLU_-Cauliflower-Whole-Standard-1-Square-_1200x1200px_1024x1024.jpg?v=1660182796', 'Versatile and nutritious cauliflower.', 'Vegetables', 0.45, 'lbs', 'Cauliflower Farms', TRUE, TRUE, TRUE, FALSE, FALSE, FALSE, TRUE, TRUE, TRUE, TRUE, TRUE, FALSE, FALSE, TRUE, TRUE, TRUE, TRUE, TRUE, TRUE, TRUE, TRUE, FALSE),
    ('Celery', 'https://images.delightedcooking.com/celery-against-white-background.jpg', 'Crunchy and refreshing celery.', 'Vegetables', 0.3, 'lbs', 'Celery Farms', TRUE, TRUE, TRUE, FALSE, FALSE, FALSE, TRUE, TRUE, TRUE, TRUE, TRUE, FALSE, FALSE, TRUE, TRUE, TRUE, TRUE, TRUE, TRUE, TRUE, TRUE, FALSE),
    ('Corn', 'https://richmondmagazine.com/downloads/39615/download/Eat%26Drink_Ingredient_Corn1_GETTYIMAGES_rp0723.jpg?cb=226f9397bea90b2573b21c6ed73c69a6&w=1200', 'Sweet and juicy corn on the cob.', 'Vegetables', 0.5, 'lbs', 'Corn Farms', TRUE, TRUE, TRUE, FALSE, FALSE, FALSE, TRUE, TRUE, TRUE, TRUE, TRUE, FALSE, FALSE, TRUE, TRUE, TRUE, TRUE, TRUE, TRUE, TRUE, TRUE, FALSE),
    ('Rainbow carrots', 'https://specialtyproduce.com/sppics/5708.png', 'Colorful and crunchy rainbow carrots.', 'Vegetables', 0.25, 'lbs', 'Carrot Farms', TRUE, TRUE, TRUE, FALSE, FALSE, FALSE, TRUE, TRUE, TRUE, TRUE, TRUE, FALSE, FALSE, TRUE, TRUE, TRUE, TRUE, TRUE, TRUE, TRUE, TRUE, FALSE),
    ('Bok Choy', 'https://res.cloudinary.com/hksqkdlah/image/upload/c_fill,dpr_2.0,f_auto,fl_lossy.progressive.strip_profile,g_faces:auto,h_0.99,q_auto:low,w_0.99/v1/CIO%20Web%20Articles/CIO%20Articles%202022/HTCs/SIL_Bok_Choy', 'Crisp and leafy bok choy.', 'Vegetables', 0.25, 'lbs', 'Bok Choy Farms', TRUE, TRUE, TRUE, FALSE, FALSE, FALSE, TRUE, TRUE, TRUE, TRUE, TRUE, FALSE, FALSE, TRUE, TRUE, TRUE, TRUE, TRUE, TRUE, TRUE, TRUE, FALSE),
    ('Collard greens', 'https://tnhomeandfarm.com/wp-content/uploads/2017/02/iStock-522865796.jpg', 'Nutritious and hearty collard greens.', 'Vegetables', 0.3, 'lbs', 'Collard Greens Farms', TRUE, TRUE, TRUE, FALSE, FALSE, FALSE, TRUE, TRUE, TRUE, TRUE, TRUE, FALSE, FALSE, TRUE, TRUE, TRUE, TRUE, TRUE, TRUE, TRUE, TRUE, FALSE),
    ('Cucumber', 'https://encrypted-tbn0.gstatic.com/images?q=tbn:ANd9GcQ3CuEgK3IGlpQ6dRMyJ2sjfCEuGqpg7ADAcIKx55Oc5rUJr-OpAHTDAvBG03lT_0oa5I4&usqp=CAU', 'Cool and refreshing cucumber.', 'Vegetables', 0.3, 'lbs', 'Cucumber Farms', TRUE, TRUE, TRUE, FALSE, FALSE, FALSE, TRUE, TRUE, TRUE, TRUE, TRUE, FALSE, FALSE, TRUE, TRUE, TRUE, TRUE, TRUE, TRUE, TRUE, TRUE, FALSE),
    ('Baby carrots', 'https://storage.googleapis.com/images-fol-prd-83dd8b8.fol.prd.v8.commerce.mi9cloud.com/product-images/detail/4565.jpg', 'Sweet and tender baby carrots.', 'Vegetables', 0.2, 'lbs', 'Carrot Farms', TRUE, TRUE, TRUE, FALSE, FALSE, FALSE, TRUE, TRUE, TRUE, TRUE, TRUE, FALSE, FALSE, TRUE, TRUE, TRUE, TRUE, TRUE, TRUE, TRUE, TRUE, FALSE),
    ('Garlic', 'https://mckenzieseeds.com/cdn/shop/products/GarlicMennonite_1400x.jpg?v=1653073017', 'Aromatic and flavorful garlic.', 'Vegetables', 0.05, 'lbs', 'Garlic Farms', TRUE, TRUE, TRUE, FALSE, FALSE, FALSE, TRUE, TRUE, TRUE, TRUE, TRUE, FALSE, FALSE, TRUE, TRUE, TRUE, TRUE, TRUE, TRUE, TRUE, TRUE, FALSE),
    ('Kale', 'https://specialtyproduce.com/sppics/7631.png', 'Nutrient-packed and leafy kale.', 'Vegetables', 0.25, 'lbs', 'Kale Farms', TRUE, TRUE, TRUE, FALSE, FALSE, FALSE, TRUE, TRUE, TRUE, TRUE, TRUE, FALSE, FALSE, TRUE, TRUE, TRUE, TRUE, TRUE, TRUE, TRUE, TRUE, FALSE),
    ('Golden Delicious apples', 'https://onlineorchards.com/cdn/shop/products/image_92c6f7c9-4d2a-450d-9a0e-89b362897920_1200x1200.jpg?v=1539110206', 'Sweet and mellow Golden Delicious apples.', 'Fruits', 0.22, 'lbs', 'Golden Farms', TRUE, TRUE, TRUE, FALSE, FALSE, FALSE, TRUE, TRUE, TRUE, TRUE, TRUE, FALSE, FALSE, TRUE, TRUE, TRUE, TRUE, TRUE, TRUE, TRUE, TRUE, FALSE),
    ('Green beans', 'https://cdn-prod.medicalnewstoday.com/content/images/articles/285/285753/beans.jpg', 'Crunchy and flavorful green beans.', 'Vegetables', 0.3, 'lbs', 'Green Bean Farms', TRUE, TRUE, TRUE, FALSE, FALSE, FALSE, TRUE, TRUE, TRUE, TRUE, TRUE, FALSE, FALSE, TRUE, TRUE, TRUE, TRUE, TRUE, TRUE, TRUE, TRUE, FALSE),
    ('Mushrooms', 'https://earimediaprodweb.azurewebsites.net/Api/v1/Multimedia/73f03e06-7822-4f1f-96cf-465718860fd0/Rendition/low-res/Content/Public', 'Savory and versatile mushrooms.', 'Vegetables', 0.2, 'lbs', 'Mushroom Farms', TRUE, TRUE, TRUE, FALSE, FALSE, FALSE, TRUE, TRUE, TRUE, TRUE, TRUE, FALSE, FALSE, TRUE, TRUE, TRUE, TRUE, TRUE, TRUE, TRUE, TRUE, FALSE),
    ('Mustard greens', 'https://images.heb.com/is/image/HEBGrocery/000374801-1', 'Peppery and nutritious mustard greens.', 'Vegetables', 0.25, 'lbs', 'Mustard Greens Farms', TRUE, TRUE, TRUE, FALSE, FALSE, FALSE, TRUE, TRUE, TRUE, TRUE, TRUE, FALSE, FALSE, TRUE, TRUE, TRUE, TRUE, TRUE, TRUE, TRUE, TRUE, FALSE),
    ('Red Onions', 'https://www.natureinbottle.com/upload/product_ecom/Onion-Oil-Product.jpg', 'Bold and flavorful red onions.', 'Vegetables', 0.3, 'lbs', 'Onion Farms', TRUE, TRUE, TRUE, FALSE, FALSE, FALSE, TRUE, TRUE, TRUE, TRUE, TRUE, FALSE, FALSE, TRUE, TRUE, TRUE, TRUE, TRUE, TRUE, TRUE, TRUE, FALSE),
    ('White Onion', 'https://images.albertsons-media.com/is/image/ABS/184450052?$ng-ecom-pdp-desktop$&defaultImage=Not_Available', 'Mild and versatile white onions.', 'Vegetables', 0.25, 'lbs', 'Onion Farms', TRUE, TRUE, TRUE, FALSE, FALSE, FALSE, TRUE, TRUE, TRUE, TRUE, TRUE, FALSE, FALSE, TRUE, TRUE, TRUE, TRUE, TRUE, TRUE, TRUE, TRUE, FALSE),
    ('Yellow Onion', 'https://chefsmandala.com/wp-content/uploads/2018/03/Onion-Yellow.jpg', 'Sweet and versatile yellow onions.', 'Vegetables', 0.3, 'lbs', 'Onion Farms', TRUE, TRUE, TRUE, FALSE, FALSE, FALSE, TRUE, TRUE, TRUE, TRUE, TRUE, FALSE, FALSE, TRUE, TRUE, TRUE, TRUE, TRUE, TRUE, TRUE, TRUE, FALSE),
    ('Patti Pan squash', 'https://i.etsystatic.com/8657432/r/il/c975bb/3664947983/il_fullxfull.3664947983_6z0o.jpg', 'Mild and scallop-shaped patti pan squash.', 'Vegetables', 0.35, 'lbs', 'Squash Farms', TRUE, TRUE, TRUE, FALSE, FALSE, FALSE, TRUE, TRUE, TRUE, TRUE, TRUE, FALSE, FALSE, TRUE, TRUE, TRUE, TRUE, TRUE, TRUE, TRUE, TRUE, FALSE),
    ('Green Peppers', 'https://findfresh.in/attachments/shop_images/caps.jpg', 'Crunchy and flavorful green peppers.', 'Vegetables', 0.3, 'lbs', 'Pepper Farms', TRUE, TRUE, TRUE, FALSE, FALSE, FALSE, TRUE, TRUE, TRUE, TRUE, TRUE, FALSE, FALSE, TRUE, TRUE, TRUE, TRUE, TRUE, TRUE, TRUE, TRUE, FALSE),
    ('Orange Peppers', 'https://media.istockphoto.com/id/497715105/photo/bell-peppers.jpg?s=612x612&w=0&k=20&c=Tk_3dxkILxQfhsZVvMkxSx_hFNZY29M8WlR4Setr6MM=', 'Sweet and vibrant orange peppers.', 'Vegetables', 0.3, 'lbs', 'Pepper Farms', TRUE, TRUE, TRUE, FALSE, FALSE, FALSE, TRUE, TRUE, TRUE, TRUE, TRUE, FALSE, FALSE, TRUE, TRUE, TRUE, TRUE, TRUE, TRUE, TRUE, TRUE, FALSE),
    ('Red Peppers', 'https://images.immediate.co.uk/production/volatile/sites/30/2020/02/Red-peppers-afa27f8.jpg?resize=768,574', 'Bold and flavorful red peppers.', 'Vegetables', 0.3, 'lbs', 'Pepper Farms', TRUE, TRUE, TRUE, FALSE, FALSE, FALSE, TRUE, TRUE, TRUE, TRUE, TRUE, FALSE, FALSE, TRUE, TRUE, TRUE, TRUE, TRUE, TRUE, TRUE, TRUE, FALSE),
    ('Yellow Peppers', 'https://pepperjoe.com/cdn/shop/products/YellowBellPepper.jpg?v=1646926510&width=1445', 'Sweet and vibrant yellow peppers.', 'Vegetables', 0.3, 'lbs', 'Pepper Farms', TRUE, TRUE, TRUE, FALSE, FALSE, FALSE, TRUE, TRUE, TRUE, TRUE, TRUE, FALSE, FALSE, TRUE, TRUE, TRUE, TRUE, TRUE, TRUE, TRUE, TRUE, FALSE),
    ('Potatoes', 'https://cdn.britannica.com/89/170689-131-D20F8F0A/Potatoes.jpg', 'Versatile and starchy potatoes.', 'Vegetables', 0.5, 'lbs', 'Potato Farms', TRUE, TRUE, TRUE, FALSE, FALSE, FALSE, TRUE, TRUE, TRUE, TRUE, TRUE, FALSE, FALSE, TRUE, TRUE, TRUE, TRUE, TRUE, TRUE, TRUE, TRUE, FALSE),
    ('Pumpkin', 'https://www.melissas.com/cdn/shop/products/image-of-pumpkins-vegetables-27960732713004_600x600.jpg?v=1618238328', 'Sweet and festive pumpkin.', 'Vegetables', 3.0, 'lbs', 'Pumpkin Farms', TRUE, TRUE, TRUE, FALSE, FALSE, FALSE, TRUE, TRUE, TRUE, TRUE, TRUE, FALSE, FALSE, TRUE, TRUE, TRUE, TRUE, TRUE, TRUE, TRUE, TRUE, FALSE),
    ('Spaghetti squash', 'https://images.heb.com/is/image/HEBGrocery/000318864-1', 'Mild and noodle-like spaghetti squash.', 'Vegetables', 2.0, 'lbs', 'Squash Farms', TRUE, TRUE, TRUE, FALSE, FALSE, FALSE, TRUE, TRUE, TRUE, TRUE, TRUE, FALSE, FALSE, TRUE, TRUE, TRUE, TRUE, TRUE, TRUE, TRUE, TRUE, FALSE),
    ('Spinach', 'https://farmfreshcarolinas.com/wp-content/uploads/2019/02/Baby-spinach-scaled.jpg', 'Nutrient-rich and leafy spinach.', 'Vegetables', 0.2, 'lbs', 'Spinach Farms', TRUE, TRUE, TRUE, FALSE, FALSE, FALSE, TRUE, TRUE, TRUE, TRUE, TRUE, FALSE, FALSE, TRUE, TRUE, TRUE, TRUE, TRUE, TRUE, TRUE, TRUE, FALSE),
    ('Sweet potatoes', 'https://www.thecheernews.com/wp-content/uploads/2022/11/SWEET-POTATOES.jpg', 'Sweet and nutritious sweet potatoes.', 'Vegetables', 0.5, 'lbs', 'Sweet Potato Farms', TRUE, TRUE, TRUE, FALSE, FALSE, FALSE, TRUE, TRUE, TRUE, TRUE, TRUE, FALSE, FALSE, TRUE, TRUE, TRUE, TRUE, TRUE, TRUE, TRUE, TRUE, FALSE),
    ('Swiss Chard', 'https://noshingwiththenolands.com/wp-content/uploads/2020/08/Swiss-Chard-2-Custom.jpg', 'Colorful and hearty Swiss chard.', 'Vegetables', 0.35, 'lbs', 'Swiss Chard Farms', TRUE, TRUE, TRUE, FALSE, FALSE, FALSE, TRUE, TRUE, TRUE, TRUE, TRUE, FALSE, FALSE, TRUE, TRUE, TRUE, TRUE, TRUE, TRUE, TRUE, TRUE, FALSE),
    ('Squash', 'https://images.heb.com/is/image/HEBGrocery/000374745-1', 'Versatile and delicious squash.', 'Vegetables', 0.6, 'lbs', 'Squash Farms', TRUE, TRUE, TRUE, FALSE, FALSE, FALSE, TRUE, TRUE, TRUE, TRUE, TRUE, FALSE, FALSE, TRUE, TRUE, TRUE, TRUE, TRUE, TRUE, TRUE, TRUE, FALSE),
    ('Tomatoes', 'https://img.etimg.com/thumb/width-640,height-480,imgsize-56196,resizemode-75,msid-95423731/magazines/panache/5-reasons-why-tomatoes-should-be-your-favourite-fruit-this-year/tomatoes-canva.jpg', 'Juicy and flavorful tomatoes.', 'Fruits', 0.4, 'lbs', 'Tomato Farms', TRUE, TRUE, TRUE, FALSE, FALSE, FALSE, TRUE, TRUE, TRUE, TRUE, TRUE, FALSE, FALSE, TRUE, TRUE, TRUE, TRUE, TRUE, TRUE, TRUE, TRUE, FALSE),
    ('Watercress', 'https://cdn.shopify.com/s/files/1/0270/9585/9270/products/watercress.jpg?v=1588076364', 'Peppery and nutritious watercress.', 'Vegetables', 0.1, 'lbs', 'Watercress Farms', TRUE, TRUE, TRUE, FALSE, FALSE, FALSE, TRUE, TRUE, TRUE, TRUE, TRUE, FALSE, FALSE, TRUE, TRUE, TRUE, TRUE, TRUE, TRUE, TRUE, TRUE, FALSE),
    ('Zucchini', 'https://www.courier-journal.com/gcdn/presto/2021/08/15/NDRP/3acc8255-c8d9-46d2-a230-5390e0613622-pngaaa.com-1668290_copy.jpg?width=660&height=440&fit=crop&format=pjpg&auto=webp', 'Mild and versatile zucchini.', 'Vegetables', 0.3, 'lbs', 'Zucchini Farms', TRUE, TRUE, TRUE, FALSE, FALSE, FALSE, TRUE, TRUE, TRUE, TRUE, TRUE, FALSE, FALSE, TRUE, TRUE, TRUE, TRUE, TRUE, TRUE, TRUE, TRUE, FALSE),
    ('Arugula Lettuce', 'https://www.farmersalmanac.com/wp-content/uploads/2020/11/what-the-heck-is-arugula-11987.jpg', 'Peppery and leafy arugula lettuce.', 'Vegetables', 0.2, 'lbs', 'Arugula Farms', TRUE, TRUE, TRUE, FALSE, FALSE, FALSE, TRUE, TRUE, TRUE, TRUE, TRUE, FALSE, FALSE, TRUE, TRUE, TRUE, TRUE, TRUE, TRUE, TRUE, TRUE, FALSE),
    ('Butter Lettuce', 'https://lettuceinfo.org/wp-content/uploads/2020/09/Butter-Leaf-Lettuce.jpg', 'Mild and buttery butter lettuce.', 'Vegetables', 0.25, 'lbs', 'Butter Lettuce Farms', TRUE, TRUE, TRUE, FALSE, FALSE, FALSE, TRUE, TRUE, TRUE, TRUE, TRUE, FALSE, FALSE, TRUE, TRUE, TRUE, TRUE, TRUE, TRUE, TRUE, TRUE, FALSE),
    ('Endive Lettuce', 'https://www.hometownseeds.com/cdn/shop/products/Lettuce_Endive_Green_Curled_Ruffec.jpg?v=1612033874', 'Crisp and slightly bitter endive lettuce.', 'Vegetables', 0.2, 'lbs', 'Endive Lettuce Farms', TRUE, TRUE, TRUE, FALSE, FALSE, FALSE, TRUE, TRUE, TRUE, TRUE, TRUE, FALSE, FALSE, TRUE, TRUE, TRUE, TRUE, TRUE, TRUE, TRUE, TRUE, FALSE),
    ('Iceberg Lettuce', 'https://i.etsystatic.com/19727526/r/il/d970ac/3147340122/il_1080xN.3147340122_bq25.jpg', 'Crisp and refreshing iceberg lettuce.', 'Vegetables', 0.4, 'lbs', 'Iceberg Lettuce Farms', TRUE, TRUE, TRUE, FALSE, FALSE, FALSE, TRUE, TRUE, TRUE, TRUE, TRUE, FALSE, FALSE, TRUE, TRUE, TRUE, TRUE, TRUE, TRUE, TRUE, TRUE, FALSE),
    ('Romaine Lettuce', 'https://www.mashed.com/img/gallery/why-you-might-want-to-choose-romaine-lettuce-over-iceberg-lettuce/l-intro-1641874408.jpg', 'Crisp and leafy romaine lettuce.', 'Vegetables', 0.35, 'lbs', 'Romaine Lettuce Farms', TRUE, TRUE, TRUE, FALSE, FALSE, FALSE, TRUE, TRUE, TRUE, TRUE, TRUE, FALSE, FALSE, TRUE, TRUE, TRUE, TRUE, TRUE, TRUE, TRUE, TRUE, FALSE),
    ('Sweet Peas', 'https://m.media-amazon.com/images/I/718+EiZz1tL.jpg', 'Sweet and tender sweet peas.', 'Legumes', 0.15, 'lbs', 'Sweet Pea Farms', TRUE, TRUE, TRUE, FALSE, FALSE, FALSE, TRUE, TRUE, TRUE, TRUE, TRUE, FALSE, FALSE, TRUE, TRUE, TRUE, TRUE, TRUE, TRUE, TRUE, TRUE, FALSE),
    ('Snap peas', 'https://www.freshpoint.com/wp-content/uploads/commodity-snap-peas.jpg', 'Crunchy and edible snap peas.', 'Legumes', 0.2, 'lbs', 'Snap Pea Farms', TRUE, TRUE, TRUE, FALSE, FALSE, FALSE, TRUE, TRUE, TRUE, TRUE, TRUE, FALSE, FALSE, TRUE, TRUE, TRUE, TRUE, TRUE, TRUE, TRUE, TRUE, FALSE),
    ('Snow peas', 'https://asian-veggies.com/cdn/shop/products/snowpeas.png?v=1604718056', 'Sweet and edible snow peas.', 'Legumes', 0.2, 'lbs', 'Snow Pea Farms', TRUE, TRUE, TRUE, FALSE, FALSE, FALSE, TRUE, TRUE, TRUE, TRUE, TRUE, FALSE, FALSE, TRUE, TRUE, TRUE, TRUE, TRUE, TRUE, TRUE, TRUE, FALSE),
    ('Lima Beans', 'https://images.simplotfoods.com/food_group/1200_1200/10071179181217_A1CD.jpg', 'Creamy and hearty lima beans.', 'Legumes', 0.4, 'lbs', 'Bean Farms', TRUE, TRUE, TRUE, FALSE, FALSE, FALSE, TRUE, TRUE, TRUE, TRUE, TRUE, FALSE, FALSE, TRUE, TRUE, TRUE, TRUE, TRUE, TRUE, TRUE, TRUE, FALSE),
    ('Mixed Beans', 'https://bulkfoods.com/524-large_default/big-bunch-bean-soup-mix.jpg', 'A mix of various beans.', 'Legumes', 0.4, 'lbs', 'Bean Farms', TRUE, TRUE, TRUE, FALSE, FALSE, FALSE, TRUE, TRUE, TRUE, TRUE, TRUE, FALSE, FALSE, TRUE, TRUE, TRUE, TRUE, TRUE, TRUE, TRUE, TRUE, FALSE),
    ('Black beans', 'https://cdn-prod.medicalnewstoday.com/content/images/articles/289/289934/black-beans.jpg', 'Rich and flavorful black beans.', 'Legumes', 0.4, 'lbs', 'Bean Farms', TRUE, TRUE, TRUE, FALSE, FALSE, FALSE, TRUE, TRUE, TRUE, TRUE, TRUE, FALSE, FALSE, TRUE, TRUE, TRUE, TRUE, TRUE, TRUE, TRUE, TRUE, FALSE),
    ('Kidney beans', 'https://images.immediate.co.uk/production/volatile/sites/30/2020/02/Kidney-beans-8496667.jpg?resize=768,574', 'Nutritious and kidney-shaped kidney beans.', 'Legumes', 0.4, 'lbs', 'Bean Farms', TRUE, TRUE, TRUE, FALSE, FALSE, FALSE, TRUE, TRUE, TRUE, TRUE, TRUE, FALSE, FALSE, TRUE, TRUE, TRUE, TRUE, TRUE, TRUE, TRUE, TRUE, FALSE),
    ('Pinto beans', 'https://bulkfoods.com/536-large_default/pinto-beans.jpg', 'Hearty and earthy pinto beans.', 'Legumes', 0.4, 'lbs', 'Bean Farms', TRUE, TRUE, TRUE, FALSE, FALSE, FALSE, TRUE, TRUE, TRUE, TRUE, TRUE, FALSE, FALSE, TRUE, TRUE, TRUE, TRUE, TRUE, TRUE, TRUE, TRUE, FALSE),
    ('Soy beans', 'https://www.sunorganicfarm.com/mm5/graphics/00000001/organic-soy-beans.jpg', 'Nutrient-rich soybeans.', 'Legumes', 0.4, 'lbs', 'Soybean Farms', TRUE, TRUE, TRUE, FALSE, FALSE, FALSE, TRUE, TRUE, TRUE, TRUE, TRUE, FALSE, FALSE, TRUE, TRUE, TRUE, TRUE, TRUE, TRUE, TRUE, TRUE, FALSE),
    ('Chickpeas', 'https://cdn.britannica.com/65/176565-050-D6AB65D7/chickpeas-garbanzos.jpg', 'Nutty and versatile chickpeas.', 'Legumes', 0.4, 'lbs', 'Chickpea Farms', TRUE, TRUE, TRUE, FALSE, FALSE, FALSE, TRUE, TRUE, TRUE, TRUE, TRUE, FALSE, FALSE, TRUE, TRUE, TRUE, TRUE, TRUE, TRUE, TRUE, TRUE, FALSE),
    ('Apples', 'https://thumbs.dreamstime.com/b/red-apple-isolated-white-background-45573196.jpg', 'Fresh, juicy apples', 'Fruits', 0.5, 'lb', 'NatureFresh', TRUE, FALSE, TRUE, FALSE, TRUE, FALSE, FALSE, FALSE, TRUE,FALSE,FALSE,FALSE,FALSE,FALSE,FALSE,FALSE,FALSE,FALSE,FALSE,FALSE,FALSE,FALSE),
    ('Crispy Chips', 'https://media.istockphoto.com/id/458678045/photo/lays-potato-chips.jpg?s=612x612&w=0&k=20&c=vm2Gy6O7wr7PTIkdIntIiBZVUJiisHwyxcK6hYbrNT8=', 'Delicious potato chips', 'Snacks', 0.2, 'bag', 'Tasty Treats', TRUE, FALSE, TRUE, FALSE, TRUE, FALSE, FALSE, FALSE, TRUE,FALSE,FALSE,FALSE,FALSE,FALSE,FALSE,FALSE,FALSE,FALSE,FALSE,FALSE,FALSE,FALSE),
    ('Grapes', 'https://img.freepik.com/premium-photo/grapes-white-background_181303-4423.jpg', 'Juicy red grapes', 'Fruits', 0.6, 'lb', 'Vineyard Delights', TRUE, FALSE, TRUE, FALSE, TRUE, FALSE, FALSE, FALSE, TRUE,FALSE,FALSE,FALSE,FALSE,FALSE,FALSE,FALSE,FALSE,FALSE,FALSE,FALSE,FALSE,FALSE),
    ('Potato Chips', 'https://www.seekpng.com/png/detail/761-7619514_doritos-nacho-cheese-doritos-bag-transparent-background.png', 'Classic potato chips', 'Snacks', 0.15, 'bag', 'SnackWorld', TRUE, FALSE, TRUE, FALSE, TRUE, FALSE, FALSE, FALSE, TRUE,FALSE,FALSE,FALSE,FALSE,FALSE,FALSE,FALSE,FALSE,FALSE,FALSE,FALSE,FALSE,FALSE),
    ('Milk', 'https://www.pngitem.com/pimgs/m/111-1112579_milk-gallon-png-milk-carton-transparent-background-png.png', 'Fresh whole milk', 'Dairy', 1, 'gallon', 'DairyDelight', TRUE, FALSE, TRUE, FALSE, TRUE, FALSE, FALSE, FALSE, TRUE,FALSE,FALSE,FALSE,FALSE,FALSE,FALSE,FALSE,FALSE,FALSE,FALSE,FALSE,FALSE,FALSE),
    ('Cereal', 'https://target.scene7.com/is/image/Target/GUEST_9b329235-1ff4-4ab2-af07-99f8828df528?wid=488&hei=488&fmt=pjpeg', 'Nutty cereal flakes', 'Breakfast', 0.8, 'box', 'BreakfastBites', FALSE, FALSE, FALSE, FALSE, FALSE, FALSE, FALSE, FALSE, FALSE, TRUE, FALSE, TRUE, TRUE, TRUE, FALSE, FALSE, FALSE, FALSE, FALSE, TRUE, TRUE, FALSE),
    ('Bread', 'https://thumbs.dreamstime.com/b/lot-different-bread-white-background-isolated-95772001.jpg', 'Fresh whole wheat bread', 'Bakery', 1, 'loaf', 'BakeryBest', FALSE, FALSE, FALSE, FALSE, TRUE, FALSE, TRUE, TRUE, TRUE, TRUE, TRUE, TRUE, TRUE, FALSE, FALSE, FALSE, FALSE, FALSE, TRUE, TRUE, TRUE, FALSE),
    ('Quail Eggs', 'https://www.markys.com/media/catalog/product/1/5/150201_h87v1i6ibyvpsp5w.jpg', 'Quail eggs', 'Poultry', 0.75, 'dozen', 'Farm Fresh', FALSE, FALSE, FALSE, FALSE, TRUE, FALSE, TRUE, TRUE, TRUE, TRUE, TRUE, TRUE, TRUE, FALSE, FALSE, FALSE, FALSE, FALSE, TRUE, TRUE, TRUE,FALSE),
    ('Orange Juice', 'https://media.istockphoto.com/id/171114622/photo/glass-of-orange-juice-and-three-oranges-over-white-backdrop.jpg?s=612x612&w=0&k=20&c=R9tzhhF-wYAYm7FoVzabI1iCs9_jMopXM38j6P9HhP8=', 'Refreshing orange juice', 'Beverages', 1, 'bottle', 'JuiceFusion', FALSE, FALSE, FALSE, FALSE, TRUE, FALSE, TRUE, TRUE, TRUE, TRUE, TRUE, TRUE, TRUE, FALSE, FALSE, FALSE, FALSE, FALSE, TRUE, TRUE, TRUE, FALSE),
    ('Oranges', 'https://media.istockphoto.com/id/182463420/photo/tangerine-duo-with-leafs.jpg?s=612x612&w=0&k=20&c=d3JZRAqgqZ5RWyN4ryFteCnmFNbeD9e3TNJkS2IC0vU=', 'Fresh, tangy oranges', 'Fruits', 0.4, 'lb', 'NatureFresh', FALSE, FALSE, FALSE, FALSE, TRUE, FALSE, TRUE, TRUE, TRUE, TRUE, TRUE, TRUE, TRUE, FALSE, FALSE, FALSE, FALSE, FALSE, TRUE, TRUE, TRUE, FALSE),
    ('Tuna', 'https://media.istockphoto.com/id/466869031/photo/bumble-bee-tuna-can.jpg?s=612x612&w=0&k=20&c=I8YJhBEdVOJuYQ1xsBCydubTt42gDEnTxoYTwG0bPHc=', 'Wild-caught tuna fillet', 'Seafood', 0.3, 'lb', 'OceanCatch', FALSE, FALSE, FALSE, FALSE, TRUE, FALSE, TRUE, TRUE, TRUE, TRUE, TRUE, TRUE, TRUE, FALSE, FALSE, FALSE, FALSE, FALSE, TRUE, TRUE, TRUE, FALSE),
    ('Black eye peas', 'https://m.media-amazon.com/images/I/61fCWka8cYL.jpg', 'Small and flavorful black-eyed peas.', 'Legumes', 0.4, 'lbs', 'Bean Farms', TRUE, TRUE, TRUE, FALSE, FALSE, FALSE, TRUE, TRUE, TRUE, TRUE, TRUE, FALSE, FALSE, TRUE, TRUE, TRUE, TRUE, TRUE, TRUE, TRUE, TRUE, FALSE),
    ('Potato Chips', 'https://meaningfuleats.com/wp-content/uploads/2023/03/takis-gluten-free.jpg', 'Classic potato chips', 'Snacks', 0.15, 'bag', 'SnackWorld', FALSE, FALSE, TRUE, FALSE, TRUE, FALSE, FALSE, TRUE, FALSE, TRUE, FALSE, FALSE, TRUE, TRUE, FALSE, FALSE, FALSE, TRUE, FALSE, FALSE, TRUE, FALSE),
    ('Strawberries', 'https://d2gg9evh47fn9z.cloudfront.net/1600px_COLOURBOX3444441.jpg', 'Fresh, sweet strawberries', 'Fruits', 0.3, 'lb', 'Berry Bliss', TRUE, FALSE, FALSE, FALSE, TRUE, FALSE, FALSE, FALSE, TRUE, TRUE, FALSE, FALSE, TRUE, TRUE, FALSE, FALSE, FALSE, TRUE, FALSE, FALSE, TRUE, FALSE),
    ('Salmon', 'https://media.istockphoto.com/id/1176250147/photo/raw-salmon-piece-isolated-on-white-background.jpg?s=612x612&w=0&k=20&c=UhFaL4j7Lmabiti4WEN3xsBVvzRdcwMt0R6bimPROUk=', 'Wild-caught salmon fillet', 'Seafood', 0.5, 'lb', 'SeaHarvest', TRUE, FALSE, FALSE, FALSE, TRUE, FALSE, FALSE, FALSE, TRUE, TRUE, FALSE, FALSE, TRUE, TRUE, FALSE, FALSE, FALSE, TRUE, FALSE, FALSE, TRUE, FALSE),
    ('Kefir','https://babushkadeli.uk/images/thumbs/0007932_kefir-1l_550.png', 'Russian Drink', 'Beverages', 1, 'oz', 'swad', TRUE, TRUE, TRUE, FALSE, FALSE, FALSE, TRUE, TRUE, TRUE, TRUE, TRUE, FALSE, FALSE, TRUE, TRUE, TRUE, TRUE, TRUE, TRUE, TRUE, TRUE, TRUE),
    ('Lays Blue Chips', 'https://th.bing.com/th/id/OIP.407cz5Gw0wugm-oVRBy75QHaHa?pid=ImgDet&rs=1', 'Chips', 'Snacks', 1, 'oz', 'swad', TRUE, TRUE, TRUE, FALSE, FALSE, FALSE, TRUE, TRUE, TRUE, TRUE, TRUE, FALSE, FALSE, TRUE, TRUE, TRUE, TRUE, TRUE, TRUE, TRUE, TRUE, TRUE),
    ('Carrots', 'https://t4.ftcdn.net/jpg/00/80/96/17/360_F_80961739_hep1UZaQRsy5WQOYU3jkOr5CB7A6xc3U.jpg', 'Crunchy, fresh carrots', 'Vegetables', 0.4, 'lb', 'Harvest Farms', TRUE, FALSE, FALSE, FALSE, TRUE, FALSE, FALSE, FALSE, TRUE, TRUE, FALSE, FALSE, TRUE, TRUE, FALSE, FALSE, FALSE, TRUE, FALSE, FALSE, TRUE, FALSE),
    ('Apples', 'https://static.vecteezy.com/system/resources/previews/002/078/428/large_2x/green-apple-on-white-background-free-photo.jpg', 'Fresh, juicy apples', 'Fruits', 0.5, 'lb', 'NatureFresh', TRUE, FALSE, FALSE, FALSE, TRUE, FALSE, FALSE, FALSE, TRUE, TRUE, FALSE, FALSE, TRUE, TRUE, FALSE, FALSE, FALSE, TRUE, FALSE, FALSE, TRUE, FALSE),
    ('Shrimp', 'https://target.scene7.com/is/image/Target/GUEST_f56f9150-5f58-48e2-bfc9-f6b6a2bc126a?wid=488&hei=488&fmt=pjpeg', 'Wild-caught shrimp', 'Seafood', 0.2, 'lb', 'SeaTreasures', TRUE, FALSE, FALSE, FALSE, TRUE, FALSE, FALSE, FALSE, TRUE, TRUE, FALSE, FALSE, TRUE, TRUE, FALSE, FALSE, FALSE, TRUE, FALSE, FALSE, TRUE, FALSE),
    ('Almonds', 'https://live.staticflickr.com/65535/48177230762_2ba98c0a55_b.jpg', 'Crunchy roasted almonds', 'Nuts', 0.25, 'lb', 'NuttyBites', TRUE, FALSE, FALSE, FALSE, TRUE, FALSE, FALSE, FALSE, TRUE, TRUE, FALSE, FALSE, TRUE, TRUE, FALSE, FALSE, FALSE, TRUE, FALSE, FALSE, TRUE, FALSE),
    ('Pasta', 'https://thumbs.dreamstime.com/b/chisinau-moldova-marth-front-view-barilla-spaghetti-n-italian-pasta-white-background-company-was-founded-as-bakery-shop-112696602.jpg', 'Classic pasta noodles', 'Pasta & Noodles', 1, 'box', 'CarbCraze', TRUE, FALSE, FALSE, FALSE, TRUE, FALSE, FALSE, FALSE, TRUE, TRUE, FALSE, FALSE, TRUE, TRUE, FALSE, FALSE, FALSE, TRUE, FALSE, FALSE, TRUE, FALSE),
    ('Kiwi', 'https://img.freepik.com/premium-photo/kiwi-fruit-isolated-white-background_42033-482.jpg?w=2000', 'Fresh, tangy kiwi', 'Fruits', 0.2, 'each', 'Tropical Delights',TRUE, FALSE, FALSE, FALSE, TRUE, FALSE, FALSE, FALSE, TRUE, TRUE, FALSE, FALSE, TRUE, TRUE, FALSE, FALSE, FALSE, TRUE, FALSE, FALSE, TRUE, FALSE),
    ('Lobster', 'https://img.freepik.com/premium-photo/red-lobster-isolated-white-background-full-depth-field_88281-5805.jpg?w=2000', 'Fresh lobster tail', 'Seafood', 0.3, 'lb', 'SeaLuxury', TRUE, FALSE, FALSE, FALSE, TRUE, FALSE, FALSE, FALSE, TRUE, TRUE, FALSE, FALSE, TRUE, TRUE, FALSE, FALSE, FALSE, TRUE, FALSE, FALSE, TRUE, FALSE),
    ('Yogurt', 'https://media.istockphoto.com/id/840644316/photo/yogurt-with-raspberries-and-blueberries-over-white.jpg?s=612x612&w=0&k=20&c=pmlLz6RDiv4Hemyq-dRJXR7qeExEE3IdQxAZCtX5Ogk=', 'Creamy yogurt', 'Dairy', 0.5, 'cup', 'DairyDelight', TRUE, FALSE, FALSE, FALSE, TRUE, FALSE, FALSE, FALSE, TRUE, TRUE, FALSE, FALSE, TRUE, TRUE, FALSE, FALSE, FALSE, TRUE, FALSE, FALSE, TRUE, FALSE),
    ('Eggo Homestyle Waffles', 'https://www.instacart.com/image-server/932x932/filters:fill(FFF,true):format(webp)/www.instacart.com/assets/domains/product-image/file/large_9d31c959-0e52-488a-92a8-a41078b46c45.jpg', 'Crispy, golden, and fluffy ready-to-heat waffles', 'Breakfast', 12.3, 'Box', 'Eggo', FALSE, FALSE, TRUE, FALSE, FALSE, FALSE, FALSE, FALSE, TRUE, FALSE, FALSE, FALSE, FALSE, FALSE, FALSE, FALSE, FALSE, FALSE, FALSE, FALSE, FALSE, FALSE),
    ('Thomas Original Bagels', 'https://www.meijer.com/content/dam/meijer/product/0004/81/2127/70/0004812127707_2_A1C1_1200.png', 'Pre-sliced, classic and soft bagels, perfect for a variety of toppings', 'Bakery', 20, 'Bag', 'Thomas', FALSE, FALSE, TRUE, FALSE, FALSE, FALSE, FALSE, FALSE, TRUE, FALSE, FALSE, FALSE, FALSE, FALSE, FALSE, FALSE, FALSE, FALSE, FALSE, FALSE, FALSE, FALSE),
    ('Jimmy Dean Original Breakfast Sausage', 'https://target.scene7.com/is/image/Target/GUEST_61b39796-0c9e-4bdc-9730-7a22c06872a6?wid=1200&hei=1200&qlt=80&fmt=webp', 'Classic pork sausage patties with a blend of savory seasonings', 'Breakfast', 16, 'Pack', 'Jimmy Dean', FALSE, FALSE, TRUE, FALSE, FALSE, FALSE, FALSE, FALSE, TRUE, FALSE, FALSE, FALSE, FALSE, FALSE, FALSE, FALSE, FALSE, FALSE, FALSE, FALSE, FALSE, FALSE),
    ('Thomas Original English Muffins', 'https://images.albertsons-media.com/is/image/ABS/196100807-ECOM?$ng-ecom-pdp-desktop$&defaultImage=Not_Available', 'Classic soft and chewy English muffins with Nooks & Crannies for a perfect crisp', 'Bakery', 12, 'Pack', 'Thomas', FALSE, FALSE, TRUE, FALSE, FALSE, FALSE, FALSE, FALSE, TRUE, FALSE, FALSE, FALSE, FALSE, FALSE, FALSE, FALSE, FALSE, FALSE, FALSE, FALSE, FALSE, FALSE),
    ('Kelloggs Frosted Flakes', 'https://ferebe.com/cdn/shop/products/051bbae1-3ff3-458a-b461-71a71d332480.804403b4d1be9cf2cf1fd4709e455c7b_900x.jpg?v=1623102599', 'Sweetened flaky cereal with a crisp texture, enriched with vitamins and minerals', 'Breakfast', 13.5, 'Box', 'Kelloggs', FALSE, FALSE, TRUE, FALSE, FALSE, FALSE, FALSE, FALSE, TRUE, FALSE, FALSE, FALSE, FALSE, FALSE, FALSE, FALSE, FALSE, FALSE, FALSE, FALSE, FALSE, FALSE),
    ('General Mills Cheerios', 'https://i5.walmartimages.com/seo/Original-Cheerios-Heart-Healthy-Cereal-18-OZ-Family-Size-Cereal-Box_2b78c38c-3a0c-486a-b4bb-96025b072a13.e49a64099b22a26a02ed55a655afe4ca.jpeg?odnHeight=2000&odnWidth=2000&odnBg=FFFFFF', 'Classic whole-grain oats cereal, low in sugar and high in fiber', 'Breakfast', 18.0, 'Box', 'General Mills', FALSE, FALSE, TRUE, FALSE, FALSE, FALSE, FALSE, FALSE, TRUE, FALSE, FALSE, FALSE, FALSE, FALSE, FALSE, FALSE, FALSE, FALSE, FALSE, FALSE, FALSE, FALSE),
    ('Quaker Oats Old Fashioned Oatmeal', 'https://target.scene7.com/is/image/Target/GUEST_1c9e7846-88f9-4afb-9585-427235cf870a?wid=1200&hei=1200&qlt=80&fmt=webp', 'Whole grain rolled oats that provide a wholesome start to your day', 'Breakfast', 42.0, 'Canister', 'Quaker Oats', FALSE, FALSE, TRUE, FALSE, FALSE, FALSE, FALSE, FALSE, TRUE, FALSE, FALSE, FALSE, FALSE, FALSE, FALSE, FALSE, FALSE, FALSE, FALSE, FALSE, FALSE, FALSE),
    ('Quaker Instant Oatmeal, Variety Pack', 'https://i5.walmartimages.com/asr/e732f663-bda9-49e6-bec9-261dadc46e4b_1.8bda65ecaeba58d944e4ee271b5160a7.jpeg?odnHeight=768&odnWidth=768&odnBg=FFFFFF', 'Flavored instant oatmeal packets with a variety of delicious flavors', 'Breakfast', 15.1, 'Box', 'Quaker', FALSE, FALSE, TRUE, FALSE, FALSE, FALSE, FALSE, FALSE, TRUE, FALSE, FALSE, FALSE, FALSE, FALSE, FALSE, FALSE, FALSE, FALSE, FALSE, FALSE, FALSE, FALSE),
    ( 'Nature Valley Oats n Honey Granola', 'https://m.media-amazon.com/images/I/818Sc5vkDVL.jpg', 'Crunchy granola made with whole grain oats and a touch of honey', 'Breakfast', 11.0, 'Pouch', 'Nature Valley', FALSE, FALSE, TRUE, FALSE, FALSE, FALSE, FALSE, FALSE, TRUE, FALSE, FALSE, FALSE, FALSE, FALSE, FALSE, FALSE, FALSE, FALSE, FALSE, FALSE, FALSE, FALSE),
    ('Belvita Breakfast Biscuits, Blueberry', 'https://target.scene7.com/is/image/Target/GUEST_7d09e1d1-9519-4307-8882-bd35d8c24c7a?wid=1200&hei=1200&qlt=80&fmt=webp', 'Crunchy blueberry flavored breakfast biscuits made with whole grains', 'Breakfast', 8.8, 'Box',  'Belvita', FALSE, FALSE, TRUE, FALSE, FALSE, FALSE, FALSE, FALSE, TRUE, FALSE, FALSE, FALSE, FALSE, FALSE, FALSE, FALSE, FALSE, FALSE, FALSE, FALSE, FALSE, FALSE),
    ( 'Kelloggs Pop-Tarts, Strawberry', 'https://target.scene7.com/is/image/Target/GUEST_f22db326-9521-455c-850a-aea983087fbb?wid=1200&hei=1200&qlt=80&fmt=webp', 'Toaster pastries with a strawberry filling, topped with a sweet frosting', 'Breakfast', 13.5, 'Box',  'Kelloggs', FALSE, FALSE, TRUE, FALSE, FALSE, FALSE, FALSE, FALSE, TRUE, FALSE, FALSE, FALSE, FALSE, FALSE, FALSE, FALSE, FALSE, FALSE, FALSE, FALSE, FALSE, FALSE),
    ( 'Pearl Milling Company Original Syrup', 'https://target.scene7.com/is/image/Target/GUEST_7915fbb6-575a-48ed-8388-d0c2a4b472bf?wid=1200&hei=1200&qlt=80&fmt=webp', 'Rich and thick syrup with a classic sweet flavor, ideal for pancakes and waffles', 'Condiments', 24.0, 'Bottle',  'Pearl Milling Company', FALSE, FALSE, TRUE, FALSE, FALSE, FALSE, FALSE, FALSE, TRUE, FALSE, FALSE, FALSE, FALSE, FALSE, FALSE, FALSE, FALSE, FALSE, FALSE, FALSE, FALSE, FALSE),
    ( 'Large White Eggs', 'https://images.heb.com/is/image/HEBGrocery/000325137-2', 'Farm-fresh large white eggs', 'Poultry', 12.0, 'Dozen',  'Generic', FALSE, FALSE, TRUE, FALSE, FALSE, FALSE, FALSE, FALSE, TRUE, FALSE, FALSE, FALSE, FALSE, FALSE, FALSE, FALSE, FALSE, FALSE, FALSE, FALSE, FALSE, FALSE),
    ( 'Large Brown Eggs', 'https://images.heb.com/is/image/HEBGrocery/000313771-3?jpegSize=150&hei=1400&fit=constrain&qlt=75', 'Farm-fresh large brown eggs', 'Poultry', 12.0, 'Dozen',  'Generic', FALSE, FALSE, TRUE, FALSE, FALSE, FALSE, FALSE, FALSE, TRUE, FALSE, FALSE, FALSE, FALSE, FALSE, FALSE, FALSE, FALSE, FALSE, FALSE, FALSE, FALSE, FALSE),
    ('Horizon Organic Whole Milk', 'https://target.scene7.com/is/image/Target/GUEST_2a359408-3f61-45df-95b1-0859e68867c3?wid=1200&hei=1200&qlt=80&fmt=webp', 'Rich and creamy organic whole milk', 'Dairy', 64.0, 'Carton',  'Horizon', FALSE, FALSE, TRUE, FALSE, FALSE, FALSE, FALSE, FALSE, TRUE, FALSE, FALSE, FALSE, FALSE, FALSE, FALSE, FALSE, FALSE, FALSE, FALSE, FALSE, FALSE, FALSE),
    ( 'Silk Original Almond Milk', 'https://target.scene7.com/is/image/Target/GUEST_4f07e8ce-3c2e-4cba-9dee-ad052b7b54b4?wid=1200&hei=1200&qlt=80&fmt=webp', 'Smooth almond milk with a hint of sweetness', 'Dairy', 64.0, 'Carton',  'Silk', FALSE, FALSE, TRUE, FALSE, FALSE, FALSE, FALSE, FALSE, TRUE, FALSE, FALSE, FALSE, FALSE, FALSE, FALSE, FALSE, FALSE, FALSE, FALSE, FALSE, FALSE, FALSE),
    ( 'Land OLakes Salted Butter', 'https://cdn.gardengrocer.com/attachments/photos/high_res/342.jpg?9104', 'Creamy and rich salted butter', 'Dairy', 16.0, 'Box',  'Land O Lakes', FALSE, FALSE, TRUE, FALSE, FALSE, FALSE, FALSE, FALSE, TRUE, FALSE, FALSE, FALSE, FALSE, FALSE, FALSE, FALSE, FALSE, FALSE, FALSE, FALSE, FALSE, FALSE),
    ( 'Philadelphia Original Cream Cheese', 'https://target.scene7.com/is/image/Target/GUEST_9b5cddc5-ae46-4618-bfa3-b93b17761c7e?wid=1200&hei=1200&qlt=80&fmt=webp', 'Smooth and creamy classic cream cheese', 'Dairy', 8.0, 'Tub',  'Philadelphia', FALSE, FALSE, TRUE, FALSE, FALSE, FALSE, FALSE, FALSE, TRUE, FALSE, FALSE, FALSE, FALSE, FALSE, FALSE, FALSE, FALSE, FALSE, FALSE, FALSE, FALSE, FALSE),
    ( 'Cool Whip Original Whipped Topping', 'https://target.scene7.com/is/image/Target/GUEST_517ca10c-4115-4a41-82ab-c040c5b57bcf?wid=1200&hei=1200&qlt=80&fmt=webp', 'Light and fluffy whipped topping', 'Dairy', 8.0, 'Tub',  'Cool Whip', FALSE, FALSE, TRUE, FALSE, FALSE, FALSE, FALSE, FALSE, TRUE, FALSE, FALSE, FALSE, FALSE, FALSE, FALSE, FALSE, FALSE, FALSE, FALSE, FALSE, FALSE, FALSE),
    ( 'Reddi-Wip Original Whipped Cream', 'https://target.scene7.com/is/image/Target/GUEST_626ce211-34ca-4218-8975-06ddc1c97d2f?wid=1200&hei=1200&qlt=80&fmt=webp', 'Creamy whipped topping perfect for desserts', 'Dairy', 6.5, 'Can',  'Reddi-Wip', FALSE, FALSE, TRUE, FALSE, FALSE, FALSE, FALSE, FALSE, TRUE, FALSE, FALSE, FALSE, FALSE, FALSE, FALSE, FALSE, FALSE, FALSE, FALSE, FALSE, FALSE, FALSE),
    ( 'Chobani Greek Yogurt, Plain', 'https://target.scene7.com/is/image/Target/GUEST_2f19cce5-804f-4bee-bc2c-831d18fb4e98?wid=1200&hei=1200&qlt=80&fmt=webp', 'Thick and creamy plain Greek yogurt', 'Dairy', 32.0, 'Tub',  'Chobani', FALSE, FALSE, TRUE, FALSE, FALSE, FALSE, FALSE, FALSE, TRUE, FALSE, FALSE, FALSE, FALSE, FALSE, FALSE, FALSE, FALSE, FALSE, FALSE, FALSE, FALSE, FALSE),
    ('Yoplait Original Strawberry Yogurt', 'https://target.scene7.com/is/image/Target/GUEST_d6043b8c-6e94-4ed6-8713-fb10cf16e249?wid=1200&hei=1200&qlt=80&fmt=webp', 'Smooth strawberry yogurt', 'Dairy', 6.0, 'Cup',  'Yoplait', FALSE, FALSE, TRUE, FALSE, FALSE, FALSE, FALSE, FALSE, TRUE, FALSE, FALSE, FALSE, FALSE, FALSE, FALSE, FALSE, FALSE, FALSE, FALSE, FALSE, FALSE, FALSE),
    ( 'Jell-O Ready To Eat Chocolate Pudding', 'https://www.foodservicedirect.com/media/catalog/product/1/0/10043000042097_3_mjnsakdj8mgbxqjo.jpg?width=1200&height=1200&quality=85&fit=bounds', 'Rich and creamy chocolate flavored pudding', 'Sweets', 15.5, 'Pack', 'Jell-O', FALSE, FALSE, TRUE, FALSE, FALSE, FALSE, FALSE, FALSE, TRUE, FALSE, FALSE, FALSE, FALSE, FALSE, FALSE, FALSE, FALSE, FALSE, FALSE, FALSE, FALSE, FALSE),
    ( 'Jell-O Strawberry Gelatin', 'https://target.scene7.com/is/image/Target/GUEST_8f719782-ddb6-4f7b-be2d-87cb3b8f0490?wid=1200&hei=1200&qlt=80&fmt=webp', 'Sweet strawberry flavored gelatin dessert', 'Sweets', 6.0, 'Box',  'Jell-O', FALSE, FALSE, TRUE, FALSE, FALSE, FALSE, FALSE, FALSE, TRUE, FALSE, FALSE, FALSE, FALSE, FALSE, FALSE, FALSE, FALSE, FALSE, FALSE, FALSE, FALSE, FALSE),
    ( 'Gala Apples', 'https://www.google.com/url?sa=i&url=https%3A%2F%2Fwww.walmart.com%2Fip%2FFresh-Gala-Apple-Each%2F44390953&psig=AOvVaw191BUtAyUG_7cu49hRXcfK&ust=1695253239310000&source=images&cd=vfe&opi=89978449&ved=0CA8QjRxqFwoTCJjajszst4EDFQAAAAAdAAAAABAD', 'Sweet and crisp red apples', 'Fruits', 1, 'Pound',  'Generic', FALSE, FALSE, TRUE, FALSE, FALSE, FALSE, FALSE, FALSE, TRUE, FALSE, FALSE, FALSE, FALSE, FALSE, FALSE, FALSE, FALSE, FALSE, FALSE, FALSE, FALSE, FALSE),
    ( 'Granny Smith Apples', 'https://i5.walmartimages.com/seo/Fresh-Granny-Smith-Apple-Each_bf2ec88a-2f36-41f2-93d3-c3161772733d_1.cdc913433c6acc6bf9201dc1fa86bac9.jpeg?odnHeight=640&odnWidth=640&odnBg=FFFFFF', 'Tart and crisp green apples', 'Fruits', 1.0, 'Pound',  'Generic', FALSE, FALSE, TRUE, FALSE, FALSE, FALSE, FALSE, FALSE, TRUE, FALSE, FALSE, FALSE, FALSE, FALSE, FALSE, FALSE, FALSE, FALSE, FALSE, FALSE, FALSE, FALSE),
    ( 'Green Bananas', 'https://i5.peapod.com/c/YU/YUKOA.png', 'Firm and slightly sweet green bananas, ideal for cooking', 'Fruits', 1.0, 'Pound', 'Generic', FALSE, FALSE, TRUE, FALSE, FALSE, FALSE, FALSE, FALSE, TRUE, FALSE, FALSE, FALSE, FALSE, FALSE, FALSE, FALSE, FALSE, FALSE, FALSE, FALSE, FALSE, FALSE),
    ('Motichur Ladoo','https://m.media-amazon.com/images/I/81GSuRzBOkL._AC_UF1000,1000_QL80_.jpg', 'Ladoo', 'Sweets', 1, 'oz', 'swad', TRUE, TRUE, TRUE, FALSE, FALSE, FALSE, TRUE, TRUE, TRUE, TRUE, TRUE, FALSE, FALSE, TRUE, TRUE, TRUE, TRUE, TRUE, TRUE, TRUE, TRUE, TRUE),
    ( 'Fresh Lemons', 'https://www.instacart.com/image-server/932x932/filters:fill(FFF,TRUE):format(webp)/www.instacart.com/assets/domains/product-image/file/large_86387158-32f9-4d2c-9fbc-01852aa880f9.jpg', 'Tart and juicy lemons', 'Fruits', 1.0, 'Pound', 'Generic', FALSE, FALSE, TRUE, FALSE, FALSE, FALSE, FALSE, FALSE, TRUE, FALSE, FALSE, FALSE, FALSE, FALSE, FALSE, FALSE, FALSE, FALSE, FALSE, FALSE, FALSE, FALSE),
    ( 'Fresh Limes', 'https://target.scene7.com/is/image/Target/GUEST_3e3023d6-31c9-4a50-8d1e-a5a5719448ae', 'Tart and zesty limes', 'Fruits', 1.0, 'Pound',  'Generic', FALSE, FALSE, TRUE, FALSE, FALSE, FALSE, FALSE, FALSE, TRUE, FALSE, FALSE, FALSE, FALSE, FALSE, FALSE, FALSE, FALSE, FALSE, FALSE, FALSE, FALSE, FALSE),
    ( 'Navel Oranges', 'https://images.albertsons-media.com/is/image/ABS/184080188?$ng-ecom-pdp-desktop$&defaultImage=Not_Available', 'Sweet and juicy navel oranges', 'Fruits', 1.0, 'Pound',  'Generic', FALSE, FALSE, TRUE, FALSE, FALSE, FALSE, FALSE, FALSE, TRUE, FALSE, FALSE, FALSE, FALSE, FALSE, FALSE, FALSE, FALSE, FALSE, FALSE, FALSE, FALSE, FALSE),
    ( 'Fresh Mangoes', 'https://target.scene7.com/is/image/Target/GUEST_c3800365-97f3-4fe9-8061-8894a378cc85?wid=1200&hei=1200&qlt=80&fmt=webp', 'Sweet and tropical mangoes', 'Fruits', 1.0, 'Pound',  'Generic', FALSE, FALSE, TRUE, FALSE, FALSE, FALSE, FALSE, FALSE, TRUE, FALSE, FALSE, FALSE, FALSE, FALSE, FALSE, FALSE, FALSE, FALSE, FALSE, FALSE, FALSE, FALSE),
    ( 'Dole Frozen Strawberries', 'https://www.instacart.com/image-server/932x932/filters:fill(FFF,TRUE):format(webp)/www.instacart.com/assets/domains/product-image/file/large_b71b6af9-1fa1-4390-b52f-1da42185dae1.png', 'Sweet and juicy frozen strawberries', 'Fruits', 1.0, 'Bag',  'Dole', FALSE, FALSE, TRUE, FALSE, FALSE, FALSE, FALSE, FALSE, TRUE, FALSE, FALSE, FALSE, FALSE, FALSE, FALSE, FALSE, FALSE, FALSE, FALSE, FALSE, FALSE, FALSE),
    ( 'Wymans Frozen Wild Blueberries', 'https://i5.walmartimages.com/seo/Wyman-s-Wild-Blueberries-15-oz-Frozen_e9e18ce3-17a8-4ea5-b4eb-69d154d02cd8.8413bb21043c37cb248b8bcb14103b17.jpeg', 'Sweet and tangy frozen wild blueberries', 'Fruits', 0.9375, 'Bag',  'Wymans', FALSE, FALSE, TRUE, FALSE, FALSE, FALSE, FALSE, FALSE, TRUE, FALSE, FALSE, FALSE, FALSE, FALSE, FALSE, FALSE, FALSE, FALSE, FALSE, FALSE, FALSE, FALSE),
    ( 'Dole Frozen Dark Sweet Cherries', 'https://d1906a8c873b5d638f11-66fd139e67371687450909048768944b.ssl.cf2.rackcdn.com/0071202137180_CR_Syndigo_default_large.png', 'Juicy and sweet frozen dark cherries', 'Fruits', 2.0, 'Bag',  'Dole', FALSE, FALSE, TRUE, FALSE, FALSE, FALSE, FALSE, FALSE, TRUE, FALSE, FALSE, FALSE, FALSE, FALSE, FALSE, FALSE, FALSE, FALSE, FALSE, FALSE, FALSE, FALSE),
    ( 'Dole Frozen Sliced Peaches', 'https://ipcdn.freshop.com/resize?url=https://images.freshop.com/00071202110163/ed975f1c0a9ec1e86d6465513bfda6ad_45cafccb-00b4-4bb6-b1e0-396633ff727c_large.png&width=512&type=webp&quality=90', 'Sweet and juicy frozen sliced peaches', 'Fruits', 1.0, 'Bag', 'Dole', FALSE, FALSE, TRUE, FALSE, FALSE, FALSE, FALSE, FALSE, TRUE, FALSE, FALSE, FALSE, FALSE, FALSE, FALSE, FALSE, FALSE, FALSE, FALSE, FALSE, FALSE, FALSE),
    ( 'Heinz Tomato Ketchup', 'https://i5.walmartimages.com/asr/701f306c-f87d-4451-94fe-e456a121352b.45b547b4a49e8c414a643f44d77cef24.jpeg', 'Rich and thick tomato ketchup', 'Condiments', 1.25, 'Bottle',  'Heinz', FALSE, FALSE, TRUE, FALSE, FALSE, FALSE, FALSE, FALSE, TRUE, FALSE, FALSE, FALSE, FALSE, FALSE, FALSE, FALSE, FALSE, FALSE, FALSE, FALSE, FALSE, FALSE),
    ( 'Hellmanns Real Mayonnaise', 'https://i5.walmartimages.com/seo/Hellmans-Hellmann-Mayo-Real-30-Oz_6eb38230-37b7-4225-80c1-1fda6d96278d.7f34c7eb91f4b2686a25168d23076f6e.jpeg?odnHeight=640&odnWidth=640&odnBg=FFFFFF', 'Smooth and creamy real mayonnaise', 'Condiments', 1.875, 'Jar',  'Hellmanns', FALSE, FALSE, TRUE, FALSE, FALSE, FALSE, FALSE, FALSE, TRUE, FALSE, FALSE, FALSE, FALSE, FALSE, FALSE, FALSE, FALSE, FALSE, FALSE, FALSE, FALSE, FALSE),
    ( 'Inglehoffer Original Horseradish', 'https://m.media-amazon.com/images/I/71rrMvSguhL._AC_UF894,1000_QL80_.jpg', 'Spicy and tangy prepared horseradish', 'Condiments', 0.59375, 'Jar',  'Inglehoffer', FALSE, FALSE, TRUE, FALSE, FALSE, FALSE, FALSE, FALSE, TRUE, FALSE, FALSE, FALSE, FALSE, FALSE, FALSE, FALSE, FALSE, FALSE, FALSE, FALSE, FALSE, FALSE),
    ( 'Raos Homemade Marinara Sauce', 'https://i5.walmartimages.com/seo/Rao-s-Homemade-Marinara-Sauce-24-oz_5a94b6ca-ad56-4bf4-af84-ca25c03028b5.5738ac74382e8131b26b5149310facf0.png', 'Premium, slow-cooked marinara sauce', 'Condiments', 1.5, 'Jar', 'Raos Homemade', FALSE, FALSE, TRUE, FALSE, FALSE, FALSE, FALSE, FALSE, TRUE, FALSE, FALSE, FALSE, FALSE, FALSE, FALSE, FALSE, FALSE, FALSE, FALSE, FALSE, FALSE, FALSE),
    ( 'Jif Creamy Peanut Butter', 'https://m.media-amazon.com/images/I/71eHIqo9bdL.jpg', 'Smooth and creamy peanut butter', 'Condiments', 1.0, 'Jar',  'Jif', FALSE, TRUE, FALSE, FALSE, FALSE, FALSE, FALSE, TRUE, TRUE, TRUE, FALSE, FALSE, TRUE, FALSE, FALSE, FALSE, FALSE, FALSE, FALSE, FALSE, FALSE, FALSE),
    ('Smuckers Grape Jelly', 'https://m.media-amazon.com/images/I/81ChTizwzSL.jpg', 'Sweet and fruity grape jelly', 'Condiments', 2.0, 'Jar',  'Smuckers', TRUE, TRUE, FALSE, FALSE, FALSE, FALSE, FALSE, TRUE, TRUE, TRUE, FALSE, FALSE, TRUE, FALSE, FALSE, FALSE, FALSE, FALSE, FALSE, FALSE, FALSE, FALSE),
    ( 'Sweet Baby Rays Barbecue Sauce', 'https://i5.walmartimages.com/seo/Sweet-Baby-Ray-s-Honey-Barbecue-Sauce-28-oz_06a0454a-afeb-4810-8db1-308e617ea1eb.8f7adb919453fda16f63467401cb3eca.jpeg', 'Sweet and tangy barbecue sauce', 'Condiments', 1.75, 'Bottle','Sweet Baby Rays', TRUE, TRUE, FALSE, FALSE, FALSE, FALSE, FALSE, TRUE, TRUE, TRUE, FALSE, FALSE, TRUE, FALSE, FALSE, FALSE, FALSE, FALSE, FALSE, FALSE, FALSE, FALSE),
    ( 'Kens Steak House Caesar Dressing', 'https://target.scene7.com/is/image/Target/GUEST_82f1c410-8426-46ed-9b27-ac9546b8453b?wid=1200&hei=1200&qlt=80&fmt=webp', 'Creamy and garlicky Caesar salad dressing', 'Condiments', 1.0, 'Bottle',  'Kens Steak House', FALSE, FALSE, FALSE, FALSE, FALSE, FALSE, FALSE, FALSE, TRUE, TRUE, FALSE, FALSE, FALSE, FALSE, FALSE, FALSE, FALSE, FALSE, FALSE, FALSE, FALSE, FALSE),
    ( 'Wish-Bone Italian Dressing', 'https://i5.walmartimages.com/asr/d93d2e6c-14ad-4ee5-83c4-6f35095519a0_1.8fe36bc9176c1ef8601e6298012abe12.jpeg', 'Zesty and herby Italian salad dressing', 'Condiments', 0.9375, 'Bottle',  'Wish-Bone', FALSE, TRUE, FALSE, FALSE, FALSE, FALSE, FALSE, FALSE, TRUE, TRUE, FALSE, FALSE, TRUE, FALSE, FALSE, FALSE, FALSE, FALSE, FALSE, FALSE, FALSE, FALSE),    
    ( 'Franks RedHot Original Cayenne Pepper Sauce', 'https://m.media-amazon.com/images/I/41Z8HK64uHL._SX300_SY300_QL70_FMwebp_.jpg', 'Spicy and tangy cayenne pepper hot sauce', 'Condiments', 0.75, 'Bottle',  'Franks RedHot', TRUE, TRUE, FALSE, FALSE, FALSE, FALSE, FALSE, TRUE, TRUE, TRUE, FALSE, FALSE, TRUE, FALSE, FALSE, FALSE, FALSE, FALSE, FALSE, FALSE, FALSE, FALSE),
    ( 'Tostitos Chunky Salsa (Medium)', 'https://m.media-amazon.com/images/I/917xh-+B7QL.jpg', 'Chunky and spicy tomato salsa', 'Condiments', 1.5, 'Jar',  'Tostitos', TRUE, TRUE, FALSE, FALSE, FALSE, FALSE, FALSE, TRUE, TRUE, TRUE, FALSE, FALSE, TRUE, FALSE, FALSE, FALSE, FALSE, FALSE, FALSE, FALSE, FALSE, FALSE),
    ( 'Heinz HomeStyle Roasted Turkey Gravy', 'https://images.heb.com/is/image/HEBGrocery/prd-medium/000028267.jpg', 'Rich and savory roasted turkey brown gravy', 'Condiments', 0.75, 'Jar',  'Heinz', FALSE, FALSE, TRUE, FALSE, FALSE, FALSE, FALSE, FALSE, TRUE, FALSE, FALSE, FALSE, FALSE, FALSE, FALSE, FALSE, FALSE, FALSE, FALSE, FALSE, FALSE, FALSE),
    ( 'Campbells Condensed Tomato Soup', 'https://target.scene7.com/is/image/Target/GUEST_8c775bfe-26e8-4264-9288-9e11e329e0c0?wid=1200&hei=1200&qlt=80&fmt=webp', 'Classic and rich tomato soup', 'Canned Goods', 0.671875, 'Can',  'Campbells', FALSE, FALSE, TRUE, FALSE, FALSE, FALSE, FALSE, FALSE, TRUE, FALSE, FALSE, FALSE, FALSE, FALSE, FALSE, FALSE, FALSE, FALSE, FALSE, FALSE, FALSE, FALSE),
    ( 'Progresso New England Clam Chowder', 'https://target.scene7.com/is/image/Target/GUEST_d4769be7-7417-4093-8d42-2abfb95d27d4?wid=1200&hei=1200&qlt=80&fmt=webp', 'Creamy and hearty New England clam chowder', 'Canned Goods', 1.15625, 'Can',  'Progresso', FALSE, FALSE, FALSE, FALSE, FALSE, FALSE, FALSE, FALSE, TRUE, TRUE, FALSE, FALSE, FALSE, FALSE, FALSE, FALSE, FALSE, FALSE, FALSE, FALSE, FALSE, FALSE),
    ( 'Swanson Chicken Broth', 'https://target.scene7.com/is/image/Target/GUEST_a2dbd76a-36d8-4208-9578-a4d66d572763?wid=1200&hei=1200&qlt=80&fmt=webp', 'Flavorful and rich chicken broth', 'Canned Goods', 2.0, 'Carton',  'Swanson', TRUE, TRUE, FALSE, FALSE, FALSE, FALSE, FALSE, FALSE, TRUE, TRUE, FALSE, FALSE, TRUE, FALSE, FALSE, FALSE, FALSE, FALSE, FALSE, FALSE, FALSE, FALSE),
    ( 'Ocean Spray Jellied Cranberry Sauce', 'https://target.scene7.com/is/image/Target/GUEST_3b1f8b32-1532-4df8-be7b-4ba3b3acf2aa?wid=1200&hei=1200&qlt=80&fmt=webp', 'Sweet and tart jellied cranberry sauce', 'Canned Goods', 0.875, 'Can',  'Ocean Spray', FALSE, FALSE, TRUE, FALSE, FALSE, FALSE, FALSE, FALSE, TRUE, FALSE, FALSE, FALSE, FALSE, FALSE, FALSE, FALSE, FALSE, FALSE, FALSE, FALSE, FALSE, FALSE),
    ( 'Del Monte Whole Kernel Corn', 'https://target.scene7.com/is/image/Target/GUEST_959d47e5-7b25-486e-8611-4d01ff6962a5?wid=1200&hei=1200&qlt=80&fmt=webp', 'Sweet and crisp whole kernel corn', 'Canned Goods', 0.953125, 'Can',  'Del Monte', FALSE, FALSE, TRUE, FALSE, FALSE, FALSE, FALSE, FALSE, TRUE, FALSE, FALSE, FALSE, FALSE, FALSE, FALSE, FALSE, FALSE, FALSE, FALSE, FALSE, FALSE, FALSE),
    ( 'StarKist Chunk Light Tuna in Water', 'https://target.scene7.com/is/image/Target/GUEST_0a17ff24-e02e-4a6d-81bb-3f30986770c8?wid=1200&hei=1200&qlt=80&fmt=webp', 'Light and flaky chunk light tuna in water', 'Canned Goods', 0.3125, 'Can',  'StarKist', FALSE, FALSE, TRUE, FALSE, FALSE, FALSE, FALSE, FALSE, TRUE, FALSE, FALSE, FALSE, FALSE, FALSE, FALSE, FALSE, FALSE, FALSE, FALSE, FALSE, FALSE, FALSE),
    ( 'Bushs Best Original Baked Beans', 'https://target.scene7.com/is/image/Target/GUEST_8f3a96c9-96dc-41d3-9d06-36b439a5563b?wid=1200&hei=1200&qlt=80&fmt=webp', 'Rich and flavorful baked beans in a tangy sauce', 'Canned Goods', '16', 'Can', 'Bushs Best', FALSE, FALSE, TRUE, FALSE, FALSE, FALSE, FALSE, FALSE, TRUE, FALSE, FALSE, FALSE, FALSE, FALSE, FALSE, FALSE, FALSE, FALSE, FALSE, FALSE, FALSE, FALSE),
    ( 'SPAM Classic', 'https://target.scene7.com/is/image/Target/GUEST_e301d4d3-770a-480a-a7a8-e5f5c255c739?wid=1200&hei=1200&qlt=80&fmt=webp', 'Versatile and ready-to-eat meat product', 'Canned Goods', '12', 'Can',  'SPAM', FALSE, FALSE, TRUE, FALSE, FALSE, FALSE, FALSE, FALSE, TRUE, FALSE, FALSE, FALSE, FALSE, FALSE, FALSE, FALSE, FALSE, FALSE, FALSE, FALSE, FALSE, FALSE),
    ('Chef Boyardee Spaghetti and Meatballs','https://m.media-amazon.com/images/I/71LP8bRJEVL._SX679_.jpg' , 'Spaghetti and meatballs in a tomato sauce', 'Canned Goods', '14.5', 'Can',  'Chef Boyardee', FALSE, FALSE, TRUE, FALSE, FALSE, FALSE, FALSE, FALSE, TRUE, FALSE, FALSE, FALSE, FALSE, FALSE, FALSE, FALSE, FALSE, FALSE, FALSE, FALSE, FALSE, FALSE),
    ( 'Hormel Chili With Beans', 'https://target.scene7.com/is/image/Target/GUEST_19546594-3037-4508-a60b-3703f04b25b1?wid=1200&hei=1200&qlt=80&fmt=webp', 'Hearty chili with beans and a blend of seasonings', 'Canned Goods', '15', 'Can',  'Hormel', FALSE, FALSE, TRUE, FALSE, FALSE, FALSE, FALSE, FALSE, TRUE, FALSE, FALSE, FALSE, FALSE, FALSE, FALSE, FALSE, FALSE, FALSE, FALSE, FALSE, FALSE, FALSE),
    ( 'Motts Unsweetened Applesauce', 'https://i5.walmartimages.com/seo/Mott-s-No-Sugar-Added-Applesauce-24-oz-Jar_3a3326bc-5eae-46bb-95f9-a7e1030f5bb1.745e8acd634097e7f9c7e9d836ef3aca.jpeg?odnHeight=640&odnWidth=640&odnBg=FFFFFF', 'Naturally sweet and unsweetened apple sauce', 'Canned Goods', '24', 'Jar',  'Motts', FALSE, FALSE, TRUE, FALSE, FALSE, FALSE, FALSE, FALSE, TRUE, FALSE, FALSE, FALSE, FALSE, FALSE, FALSE, FALSE, FALSE, FALSE, FALSE, FALSE, FALSE, FALSE),
    ( 'Knorr Beef Bouillon', 'https://i5.walmartimages.com/seo/Knorr-Shelf-Stable-Granulated-Beef-Flavor-Bouillon-7-9-oz_57629e51-63d2-4a93-8dfb-00ce6924c725.f9bed411c93e557a57d87ee4e3807a6e.jpeg?odnHeight=640&odnWidth=640&odnBg=FFFFFF', 'Rich and flavorful beef bouillon cubes', 'Canned Goods', '7.9', 'Package',  'Knorr', FALSE, FALSE, TRUE, FALSE, FALSE, FALSE, FALSE, FALSE, TRUE, FALSE, FALSE, FALSE, FALSE, FALSE, FALSE, FALSE, FALSE, FALSE, FALSE, FALSE, FALSE, FALSE),
    ('Original Oatmeals', 'https://encrypted-tbn0.gstatic.com/images?q=tbn:ANd9GcRgYbc2Iu410WuLwSNqFv30xXmq-bIFgK5-rA&usqp=CAU', 'Quaker Original Instant Oatmeal',  'Breakfast',	9.8, 'oz', 'Quaker',	TRUE,	TRUE,	FALSE,	FALSE,	TRUE,	FALSE,	FALSE,	FALSE,	TRUE,	TRUE,	TRUE,	FALSE,	TRUE,	FALSE,	TRUE,	TRUE,	FALSE,	TRUE,	TRUE,	TRUE,	TRUE,	FALSE),
    ('Banana Nut Crunch', 'https://i.ebayimg.com/images/g/plgAAOSwqv5gs6CM/s-l1600.jpg', 'Great Grains Banana Nut Crunch Breakfast Cereal',	'Breakfast',	15.5,	'oz', 'great grains',	FALSE,	TRUE,	FALSE,	FALSE,	TRUE,	FALSE,	FALSE,	FALSE,	TRUE,	TRUE,	TRUE,	FALSE,	FALSE,	FALSE,	TRUE,	FALSE,	FALSE,	FALSE,	TRUE,	TRUE,	FALSE,	FALSE),
    ('Tri_Color Quinoa', 'https://m.media-amazon.com/images/I/81-sAxf48SL._SL1500_.jpg', 'Wellsley Farms 100% USDA Organic Tri-Color Quinoa',	'Grains',	2.5, 'lb',	'wellsley farms',	TRUE,	TRUE,	FALSE,	FALSE,	TRUE,	FALSE,	FALSE,	TRUE,	TRUE,	TRUE,	TRUE,	FALSE,	TRUE,	FALSE,	TRUE,	TRUE,	TRUE,	TRUE,	TRUE,	TRUE,	TRUE,	FALSE),
    ('Sazon Goya', 'https://i5.walmartimages.com/asr/63401194-3357-493b-81f7-3bc0d115ee97_1.130b51f3609e6382b7681e1f6b37695c.jpeg', 'All Purpose Seasoning', 'Fruits', 1.22, 'oz', 'Goya', TRUE, TRUE, TRUE, FALSE, FALSE, FALSE, TRUE, TRUE, TRUE, TRUE, TRUE, FALSE, FALSE, TRUE, TRUE, TRUE, TRUE, TRUE, TRUE, TRUE, TRUE, TRUE), 
    ('Whole Wheat Crackers', 'https://res.cloudinary.com/nassau-candy/image/upload/c_fit,w_1000,h_1000,f_auto/v1581015688/914714.jpg',	'whole wheat crackers',	'Grains',	8.5, 'oz', 'back to nature',	FALSE,	TRUE,	FALSE,	FALSE,	TRUE,	TRUE,	FALSE,	FALSE,	TRUE,	TRUE,	TRUE,	FALSE,	TRUE,	FALSE,	TRUE,	TRUE,	TRUE,	TRUE,	TRUE,	TRUE,	TRUE,	FALSE),
	('Toasted Rice', 'https://www.innit.com/public/products/images/00041280113639-pFqWPy8VRt3HAoo4-en-US-0_s500.jpg', 'Toasted Rice Breakfast Cereal',	'Grains',	12,	'oz',	'jewel',	TRUE,	TRUE,	FALSE,	FALSE,	TRUE,	FALSE,	FALSE,	FALSE,	TRUE,	TRUE,	TRUE,	FALSE,	TRUE,	FALSE,	TRUE,	FALSE,	FALSE,	TRUE,	TRUE,	TRUE,	FALSE,	FALSE),
    ('Brown Basmati Rice', 	'https://grate.app/img/prod-imgs//3066a9bdd3b61280b7bc7aa6/Brown-Basmati-Rice-8-5oz-Good-Gather--main.webp',	'brown basmati rice',	'Grains',	8.5,	'oz',	'good & gather',	FALSE,	TRUE,	FALSE,	FALSE,	TRUE,	FALSE,	FALSE,	FALSE,	TRUE,	TRUE,	TRUE,	FALSE,	TRUE,	FALSE,	TRUE,	FALSE,	TRUE,	FALSE,	TRUE,	TRUE,	FALSE,	FALSE),
    ('Kind Healthy Grains',	'https://www.kindsnacks.com/on/demandware.static/-/Sites-kind-snacks-master/default/dw19349472/images/17228-main-clusters-oats-honey.png',	'KIND Healthy Grains Oats & Honey Clusters',	'Breakfast',	11,	'oz',	'KIND',	FALSE,	TRUE,	FALSE,	FALSE,	TRUE,	TRUE,	FALSE,	FALSE,	TRUE,	TRUE,	TRUE,	FALSE,	FALSE,	FALSE,	TRUE,	FALSE,	FALSE,	FALSE,	TRUE,	TRUE,	FALSE,	FALSE),
    ('Organic Amaranth',	'https://target.scene7.com/is/image/Target/GUEST_458c2a71-3121-4f1a-83c6-0c54f0189a55?wid=1000&hei=1000&qlt=80&fmt=webp',	'Arrowhead Mills Organic Amaranth',	'Grains',	16,	'oz',	'Arrowhead Mills',	TRUE,	TRUE,	FALSE,	FALSE,	TRUE,	TRUE,	FALSE,	TRUE,	TRUE,	TRUE,	TRUE,	FALSE,	TRUE,	FALSE,	TRUE,	FALSE,	TRUE,	TRUE,	TRUE,	TRUE,	TRUE,	FALSE),
    ('Kind healthy grains',	'https://m.media-amazon.com/images/I/814mJZbt3PL._SY425_.jpg',	'KIND Dark Chocolate Protein Granola',	'Breakfast', 11,	'oz',	'KIND',	FALSE,	TRUE,	FALSE,	FALSE,	TRUE,	TRUE,	FALSE,	FALSE,	TRUE,	TRUE,	TRUE,	FALSE,	FALSE,	FALSE,	TRUE,	FALSE,	FALSE,	FALSE,	TRUE,	TRUE,	FALSE,	FALSE),
    ('Chickpeas Garbanzo Beans', 'https://target.scene7.com/is/image/Target/GUEST_7242eb9f-4f94-4631-92a2-6ff399a365ea?wid=488&hei=488&fmt=pjpeg', 'Dry Chickpeas Garbanzo Beans', 'Legumes', 1, 'lb', 'good & gather', TRUE, TRUE, FALSE, FALSE, TRUE, TRUE, FALSE, FALSE, TRUE, TRUE, TRUE, FALSE, TRUE, FALSE, TRUE, FALSE, TRUE, TRUE, TRUE, TRUE, TRUE, FALSE),
    ('Kidney Beans', 'https://www.foodservicedirect.com/media/catalog/product/1/0/10039400017452_1.jpg?quality=85&fit=bounds&height=265&width=265', 'Bush-s Reduced Sodium Dark Red Kidney Beans', 'Legumes', 16, 'oz', 'BUSH-S', TRUE, TRUE, FALSE, FALSE, TRUE, FALSE, FALSE, FALSE, TRUE, TRUE, TRUE, FALSE, TRUE, FALSE, TRUE, FALSE, FALSE, TRUE, TRUE, TRUE, TRUE, FALSE), 
    ('Pinto Beans', 'https://images.heb.com/is/image/HEBGrocery/prd-medium/000127128.jpg', 'dry pinto beans that has excellent source of fiber', 'Legumes', 1, 'lb', 'hill country', TRUE, TRUE, FALSE, FALSE, TRUE, TRUE, FALSE, FALSE, TRUE, TRUE, TRUE, FALSE, TRUE, FALSE, TRUE, FALSE, TRUE, TRUE, TRUE, TRUE, TRUE, FALSE),
    ('Black lentills', 'https://imagedelivery.net/olI9wp0b6luWFB9nPfnqjQ/res/abillionveg/image/upload/auvxicehzq6ox3ymhreg/1635218662.jpg/public', 'Black Lentils Microwavable Pouch', 'Legumes', 8, 'oz', 'good & gather', FALSE, TRUE, FALSE, FALSE, TRUE, FALSE, FALSE, FALSE, TRUE, TRUE, TRUE, FALSE, TRUE, FALSE, TRUE, FALSE, TRUE, TRUE, TRUE, TRUE, TRUE, FALSE), 
    ('Black beans', 'https://images.albertsons-media.com/is/image/ABS/960319837-ECOM?$ng-ecom-pdp-desktop$&defaultImage=Not_Available', 'Dry Black Beans', 'Legumes', 1, 'lb', 'signature', TRUE, TRUE, FALSE, FALSE, TRUE, FALSE, FALSE, FALSE, TRUE, TRUE, TRUE, FALSE, FALSE, FALSE, TRUE, FALSE, TRUE, FALSE, TRUE, TRUE, TRUE, FALSE),    
    ('Green split peas', 'https://storage.googleapis.com/images-fol-prd-83dd8b8.fol.prd.v8.commerce.mi9cloud.com/product-images/detail/4218740154.jpg', 'Dry Green Split Peas', 'Legumes', 1, 'lb', 'Best Yet', TRUE, TRUE, FALSE, FALSE, TRUE, FALSE, FALSE, FALSE, TRUE, TRUE, TRUE, FALSE, TRUE, FALSE, TRUE, FALSE, TRUE, TRUE, TRUE, TRUE, TRUE, FALSE), 
    ('Navy beans', 'https://m.media-amazon.com/images/I/71v2Czz-7lL.jpg', 'DRY navy beans', 'Legumes', 4, 'lb', 'Aiva', TRUE, TRUE, FALSE, FALSE, TRUE, FALSE, FALSE, FALSE, TRUE, TRUE, TRUE, FALSE, TRUE, FALSE, TRUE, FALSE, TRUE, TRUE, TRUE, TRUE, TRUE, FALSE), 
    ('Lima beans', 'https://www.camelliabrand.com/static/wp-content/uploads/2020/07/1lb_508_large-limas-350x500.png', 'Dry large lima beans', 'Legumes', 1, 'lb', 'camillia', TRUE, TRUE, FALSE, FALSE, TRUE, FALSE, FALSE, FALSE, TRUE, TRUE, TRUE, FALSE, TRUE, FALSE, TRUE, FALSE, TRUE, TRUE, TRUE, TRUE, TRUE, FALSE), 
    ('Blackeye peas', 'https://images-na.ssl-images-amazon.com/images/I/31sNLB5dAuL._AC_UL200_SR200,200_.jpg', 'dry blackeye peas', 'Legumes', 16, 'oz', 'GOYA', TRUE, TRUE, FALSE, FALSE, TRUE, FALSE, FALSE, FALSE, TRUE, TRUE, TRUE, FALSE, TRUE, FALSE, TRUE, FALSE, TRUE, TRUE, TRUE, TRUE, TRUE, FALSE), 
    ('Lentils', 'http://shop.goya.com/cdn/shop/products/Lentils.png?v=1659463377', 'dry lentils', 'Legumes', 16, 'oz', 'GOYA', TRUE, TRUE, FALSE, FALSE, TRUE, FALSE, FALSE, FALSE, TRUE, TRUE, TRUE, FALSE, TRUE, FALSE, TRUE, FALSE, TRUE, TRUE, TRUE, TRUE, TRUE, FALSE), 
    ('Northern beans', 'https://gatherdmarket.com/cdn/shop/products/40783e57d18187bced778a3565b80a6f_x518.jpg?v=1678770293', 'Organic Low Sodium Great Northern Beans', 'Legumes', 15.5, 'oz', 'Trader Joe-s', TRUE, TRUE, FALSE, FALSE, TRUE, FALSE, FALSE, TRUE, TRUE, TRUE, TRUE, FALSE, TRUE, FALSE, FALSE, TRUE, TRUE, TRUE, TRUE, TRUE, TRUE, FALSE), 
    ('Sweet kernel corn', 'https://m.media-amazon.com/images/I/815IRnlGhGL.jpg', 'Golden Sweet Whole Kernel Corn', 'Legumes', 15.25, '0z', 'Delmonte', TRUE, TRUE, FALSE, FALSE, TRUE, FALSE, FALSE, FALSE, TRUE, TRUE, TRUE, FALSE, TRUE, FALSE, TRUE, TRUE, TRUE, TRUE, TRUE, TRUE, TRUE, FALSE),
    ('Sourdough bread',	'https://m.media-amazon.com/images/I/813tiyqwunL.jpg',	'Sliced Sourdough Bread',	'Bakery',	17,	'oz',	'Alma',	TRUE,	FALSE,	FALSE,	FALSE,	TRUE,	FALSE,	FALSE,	FALSE,	FALSE,	TRUE,	FALSE,	FALSE,	TRUE,	FALSE,	FALSE,	TRUE,	FALSE,	TRUE,	TRUE,	TRUE,	FALSE,	TRUE),
    ('Honey wheat slice',	'https://www.kroger.com/product/images/large/front/0007225003706?banner=harristeeter',	'Nature-s Own Honey Wheat Sandwich Bread Loaf',	'Bakery',	20,	'oz',	'Nature-s Own',	TRUE,	TRUE,	FALSE,	FALSE,	TRUE,	TRUE, FALSE,	FALSE,	TRUE,	TRUE,	TRUE,	FALSE,	TRUE,	FALSE,	TRUE,	TRUE,	FALSE,	TRUE,	TRUE,	TRUE,	FALSE,	FALSE),
    ('Milano cookies',	'https://images.freshop.com/00014100052449/fbef36dba2feace0e5434994ade32139_large.png',	'Chocolate cookies with mint chocolate filling',	'Sweets',	7,	'oz',	'Pepperidge Farms',	TRUE,	FALSE,	FALSE,	FALSE,	TRUE,	TRUE,	FALSE,	FALSE,	TRUE,	TRUE,	FALSE,	FALSE,	TRUE,	FALSE,	TRUE,	TRUE,	FALSE,	TRUE,	TRUE,	TRUE,	TRUE,	FALSE),
    ('Swirl Bread',	'https://www.kroger.com/product/images/large/front/0001410008722?banner=harristeeter',	'Pepperidge Farm Swirl Cinnamon Breakfast Bread',	'Bakery',	16,	'oz',	'pepperidge Farme',	TRUE,	TRUE,	FALSE,	FALSE,	TRUE,	TRUE,	FALSE,	FALSE,	TRUE,	TRUE,	FALSE,	FALSE,	TRUE,	FALSE,	FALSE,	FALSE,	FALSE,	TRUE,	FALSE,	TRUE,	FALSE,	FALSE),
    ('Ginger Bread Cookies',	'http://www.shelhealth.com/cdn/shop/products/deweys-bakery-cookie-thins-gingerbread-case-of-6-9-oz-shelhealth-257.jpg?v=1675292132',	'Ginger Bread cookies',	'Sweets',	9,	'oz',	'Dewey-s bakery',	FALSE,	FALSE,	FALSE,	FALSE,	TRUE, TRUE,	FALSE,	FALSE,	TRUE,	TRUE,	FALSE,	FALSE,	FALSE,	FALSE,	FALSE,	TRUE,	FALSE,	FALSE,	FALSE,	FALSE,	TRUE,	FALSE),
    ('Italian White Bread',	'https://assets.wakefern.com/is/image/wakefern/7130505525-008?$Mi9Product_detail$',	'premium italian bread',	'Bakery',	20,	'oz',	'Maier-s',	TRUE,	TRUE,	FALSE,	FALSE,	TRUE,	TRUE,	FALSE,	FALSE,	TRUE,	TRUE,	TRUE,	FALSE,	TRUE,	FALSE,	TRUE,	FALSE,	FALSE,	TRUE,	TRUE,	TRUE, FALSE, FALSE),
    ('Ginger Snacks C', 'https://previews.123rf.com/images/sannie32/sannie321211/sannie32121100009/16464692-ginger-nuts-pepernoten-in-the-shape-of-letter-c-isolated-on-white-background-typical-dutch-candy.jpg', 'Golden in colour, sweet and spicy in flavour', 'Snacks', 0.2, 'lbs','McVities Ginger Nuts',TRUE, TRUE, TRUE, FALSE, FALSE, FALSE, TRUE, TRUE, TRUE, TRUE, TRUE, FALSE, FALSE, TRUE, TRUE, TRUE, TRUE, TRUE, TRUE, TRUE, TRUE, FALSE),
    ('Mixed Nuts A', 'https://scontent.fewr1-5.fna.fbcdn.net/v/t39.30808-6/385031244_6901736666531851_1049661213319157257_n.jpg?stp=cp6_dst-jpg_s1080x2048&_nc_cat=107&ccb=1-7&_nc_sid=5614bc&_nc_ohc=3rhVwVuXLj4AX8mkjqL&_nc_ht=scontent.fewr1-5.fna&oh=00_AfCJUAHNPMJ8gdye8ZCPTUDelK7_lNiU5SY5GkcMcgXa8Q&oe=651B16F8', 'Healthy and Nutritious Protein Rich Nuts', 'Nuts', 0.2, 'oz', 'Planter', TRUE, TRUE, TRUE, FALSE, FALSE, FALSE, TRUE, TRUE, TRUE, TRUE, TRUE, FALSE, FALSE, TRUE, TRUE, TRUE, TRUE, TRUE, TRUE, TRUE, TRUE, FALSE),
    ('Mixed Spices R', 'https://st.depositphotos.com/1011514/2341/i/450/depositphotos_23412160-stock-photo-spices-letter.jpg', 'Aromatic Flavorful From the lands', 'Spices', 0.5, 'lbs', 'Swad', TRUE, TRUE, TRUE, FALSE, FALSE, FALSE, TRUE, TRUE, TRUE, TRUE, TRUE, FALSE, FALSE, TRUE, TRUE, TRUE, TRUE, TRUE, TRUE, TRUE, TRUE, FALSE),
    ('Beef Cuts T', 'https://scontent.fewr1-5.fna.fbcdn.net/v/t39.30808-6/385021656_6901733836532134_8371769225768289603_n.jpg?stp=cp6_dst-jpg_s1080x2048&_nc_cat=105&ccb=1-7&_nc_sid=5614bc&_nc_ohc=fE07o1SFFQ8AX_358OE&_nc_ht=scontent.fewr1-5.fna&oh=00_AfCNmoHcmwfgyyaMvKXx5cR_6w1-AEItJN6opJcKlljaiA&oe=651AB1AF', 'Protein Rich Red Meat', 'Meat', 1, 'lb', 'Halal', TRUE, TRUE, TRUE, FALSE, FALSE, FALSE, TRUE, TRUE, TRUE, TRUE, TRUE, FALSE, FALSE, TRUE, TRUE, TRUE, TRUE, TRUE, TRUE, TRUE, TRUE, FALSE),
    ('Wheat Grains $', 'https://scontent.fewr1-5.fna.fbcdn.net/v/t39.30808-6/382238367_6901717873200397_4013408223073883471_n.jpg?stp=cp6_dst-jpg_s1080x2048&_nc_cat=104&ccb=1-7&_nc_sid=5614bc&_nc_ohc=ppOMKzze9CoAX_Xe78L&_nc_ht=scontent.fewr1-5.fna&oh=00_AfCiBxCtNVcb2-PHkjzHkJ_W5oqnbaNNXucwXqbgN1OYgg&oe=651C2944', 'Delicious Wheat Fresh Grains', 'Grains', 0.9, 'lbs', 'Swad', TRUE, TRUE, TRUE, FALSE, FALSE, FALSE, TRUE, TRUE, TRUE, TRUE, TRUE, FALSE, FALSE, TRUE, TRUE, TRUE, TRUE, TRUE, TRUE, TRUE, TRUE, FALSE),
    ('Mixed Dairy m', 'https://previews.123rf.com/images/kentoh/kentoh1309/kentoh130900644/22385859-food-art-m-lowercase-shape-collage-abstract.jpg', 'mixed dairy', 'Dairy',  1, 'lb', 'mixed', TRUE, TRUE, TRUE, FALSE, FALSE, FALSE, TRUE, TRUE, TRUE, TRUE, TRUE, FALSE, FALSE, TRUE, TRUE, TRUE, TRUE, TRUE, TRUE, TRUE, TRUE, FALSE),
    ('Mixed Bread r', 'https://scontent.fewr1-5.fna.fbcdn.net/v/t39.30808-6/385039402_6901743056531212_2765484748668695891_n.jpg?stp=cp6_dst-jpg_s1080x2048&_nc_cat=105&ccb=1-7&_nc_sid=5614bc&_nc_ohc=z6h91SZt6EcAX8OL8tx&_nc_ht=scontent.fewr1-5.fna&oh=00_AfAQ59pbYMBEDxlMXOt3QIRQvxjk_SJyXuyYYA2EV2sDsw&oe=651A588C', 'Mixed Bread', 'Bakery', 1, 'oz', 'chez', TRUE, TRUE, TRUE, FALSE, FALSE, FALSE, TRUE, TRUE, TRUE, TRUE, TRUE, FALSE, FALSE, TRUE, TRUE, TRUE, TRUE, TRUE, TRUE, TRUE, TRUE, FALSE),
    ('Mixed Legumes t', 'https://scontent.fewr1-6.fna.fbcdn.net/v/t39.30808-6/382355508_6901740206531497_5332427750169971836_n.jpg?stp=cp6_dst-jpg_s1080x2048&_nc_cat=101&ccb=1-7&_nc_sid=5614bc&_nc_ohc=wBEBZvNGWYIAX8lbzM5&_nc_ht=scontent.fewr1-6.fna&oh=00_AfDq7ZnWo3pgFCs4Bty1xVe8xjmveoG5zCieye83dNjrNQ&oe=651B4991', 'mixed legumes', 'Legumes', 1, 'oz', 'swad', TRUE, TRUE, TRUE, FALSE, FALSE, FALSE, TRUE, TRUE, TRUE, TRUE, TRUE, FALSE, FALSE, TRUE, TRUE, TRUE, TRUE, TRUE, TRUE, TRUE, TRUE, FALSE),
    ('Cashew Nuts', 'https://gonefarmers.com/cdn/shop/products/image_97225a30-47e6-4d93-bded-7fa5bc4d5d4c_1024x1024@2x.jpg?v=1608040183', 'Cashew Nuts', 'Nuts', 1, 'oz', 'swad', TRUE, TRUE, TRUE, FALSE, FALSE, FALSE, TRUE, TRUE, TRUE, TRUE, TRUE, FALSE, FALSE, TRUE, TRUE, TRUE, TRUE, TRUE, TRUE, TRUE, TRUE, FALSE),
    ('Walnuts', 'https://m.media-amazon.com/images/I/41v407qhBaL._AC_UF894,1000_QL80_.jpg','Walnuts', 'Nuts', 1, 'oz', 'swad', TRUE, TRUE, TRUE, FALSE, FALSE, FALSE, TRUE, TRUE, TRUE, TRUE, TRUE, FALSE, FALSE, TRUE, TRUE, TRUE, TRUE, TRUE, TRUE, TRUE, TRUE, FALSE),
    ('Pistachios', 'https://www.dorri.co.uk/wp-content/uploads/2018/09/roasted_and_salte_pistachio_in_shell.jpeg', 'Pistachios in shell', 'Nuts', 1, 'oz', 'swad', TRUE, TRUE, TRUE, FALSE, FALSE, FALSE, TRUE, TRUE, TRUE, TRUE, TRUE, FALSE, FALSE, TRUE, TRUE, TRUE, TRUE, TRUE, TRUE, TRUE, TRUE, FALSE),
    ('Peanuts', 'https://www.aboutpeanuts.com/images/com_joomrecipe/cropped-Raw-Shelled-Peanuts.jpg', 'Peanuts', 'Nuts', 1, 'oz', 'swad', TRUE, TRUE, TRUE, FALSE, FALSE, FALSE, TRUE, TRUE, TRUE, TRUE, TRUE, FALSE, FALSE, TRUE, TRUE, TRUE, TRUE, TRUE, TRUE, TRUE, TRUE, FALSE),
    ('Pecans', 'https://southerncandymakers.com/cdn/shop/products/Salted_Pecans_grande.jpg?v=1479493408', 'Pecans', 'Nuts', 1, 'oz', 'swad', TRUE, TRUE, TRUE, FALSE, FALSE, FALSE, TRUE, TRUE, TRUE, TRUE, TRUE, FALSE, FALSE, TRUE, TRUE, TRUE, TRUE, TRUE, TRUE, TRUE, TRUE, FALSE),   
    ('Kvass', 'https://lituanicawholesale.com/image/cache/catalog/litaunica-image/Sencu-Kvass-1.5l-500x500.png','Russian Drink', 'Beverages', 1, 'oz', 'swad', TRUE, TRUE, TRUE, FALSE, FALSE, FALSE, TRUE, TRUE, TRUE, TRUE, TRUE, FALSE, FALSE, TRUE, TRUE, TRUE, TRUE, TRUE, TRUE, TRUE, TRUE, TRUE),
    ('Kashmiri Red Chili Powder', 'https://th.bing.com/th/id/OIP.4HzxarG_9iUwSrptKvXYzwHaGR?pid=ImgDet&rs=1','Indian semi red chilly powder not spicy', 'Spices', 1, 'oz', 'swad', TRUE, TRUE, TRUE, FALSE, FALSE, FALSE, TRUE, TRUE, TRUE, TRUE, TRUE, FALSE, FALSE, TRUE, TRUE, TRUE, TRUE, TRUE, TRUE, TRUE, TRUE, TRUE),
    ('Kurkure', 'https://m.media-amazon.com/images/I/710CqT5lNBL._SX679_.jpg', 'Indian flavored Chips', 'Snacks', 1, 'oz', 'swad', TRUE, TRUE, TRUE, FALSE, FALSE, FALSE, TRUE, TRUE, TRUE, TRUE, TRUE, FALSE, FALSE, TRUE, TRUE, TRUE, TRUE, TRUE, TRUE, TRUE, TRUE, TRUE),   
    ('Mango Lassi','https://gandhifood.com/cdn/shop/files/DGMlas._600x600_crop_center.png?v=1691864009', 'Mango yogurt drink', 'Beverages', 1, 'oz', 'swad', TRUE, TRUE, TRUE, FALSE, FALSE, FALSE, TRUE, TRUE, TRUE, TRUE, TRUE, FALSE, FALSE, TRUE, TRUE, TRUE, TRUE, TRUE, TRUE, TRUE, TRUE, TRUE), 
    ('Murukku','https://4.imimg.com/data4/MR/QN/MY-16591991/haldiram-murukku.png', 'Crispy Murukku', 'Snacks', 1, 'oz', 'swad', TRUE, TRUE, TRUE, FALSE, FALSE, FALSE, TRUE, TRUE, TRUE, TRUE, TRUE, FALSE, FALSE, TRUE, TRUE, TRUE, TRUE, TRUE, TRUE, TRUE, TRUE, TRUE),
    ('Garam Masala Powder','https://www.justgotochef.com/img/1544864565-MDH-Garam%20Masala-Front.jpg', 'Garam Masala Powder', 'Spices', 1, 'oz', 'swad', TRUE, TRUE, TRUE, FALSE, FALSE, FALSE, TRUE, TRUE, TRUE, TRUE, TRUE, FALSE, FALSE, TRUE, TRUE, TRUE, TRUE, TRUE, TRUE, TRUE, TRUE, TRUE),
    ('Wagh Bakhri Masala Tea','https://m.media-amazon.com/images/I/515OUbS1XXL._SY300_SX300_QL70_FMwebp_.jpg', 'Masala spicy flavorful Tea', 'Beverages', 1, 'oz', 'swad', TRUE, TRUE, TRUE, FALSE, FALSE, FALSE, TRUE, TRUE, TRUE, TRUE, TRUE, FALSE, FALSE, TRUE, TRUE, TRUE, TRUE, TRUE, TRUE, TRUE, TRUE, TRUE),
    ('Kikkoman','https://cdn0.woolworths.media/content/wowproductimages/large/103725_1.jpg' ,'Soy Sauce', 'Condiments', 1, 'oz', 'swad', TRUE, TRUE, TRUE, FALSE, FALSE, FALSE, TRUE, TRUE, TRUE, TRUE, TRUE, FALSE, FALSE, TRUE, TRUE, TRUE, TRUE, TRUE, TRUE, TRUE, TRUE, TRUE),
    ('Croissant','https://frenchly.us/wp-content/uploads/sites/9/2016/02/Croissant-1.jpg', 'Croissant', 'Bakery', 1, 'oz', 'swad', TRUE, TRUE, TRUE, FALSE, FALSE, FALSE, TRUE, TRUE, TRUE, TRUE, TRUE, FALSE, FALSE, TRUE, TRUE, TRUE, TRUE, TRUE, TRUE, TRUE, TRUE, TRUE),
    ('Sofrito', 'https://www.instacart.com/image-server/672x672/filters:fill(FFF,true):format(webp)/www.instacart.com/assets/domains/product-image/file/large_341826a6-b9c2-4f4e-ab1c-36106eea09ed.png', 'Puerto Rican Sofrito', 'Condiments', 1, 'oz', 'swad', TRUE, TRUE, TRUE, FALSE, FALSE, FALSE, TRUE, TRUE, TRUE, TRUE, TRUE, FALSE, FALSE, TRUE, TRUE, TRUE, TRUE, TRUE, TRUE, TRUE, TRUE, TRUE),
    ('Pepsi Mango',	'https://m.media-amazon.com/images/I/81xN0cutcIL._SL1500_.jpg',	'cold drink Pepsi Mango Regular',	'Beverages',	20,	'fl oz',	'Pepsi',	TRUE,	TRUE,	FALSE,	FALSE,	TRUE,	TRUE,	FALSE,	FALSE,	TRUE,	TRUE,	TRUE,	FALSE,	TRUE,	TRUE,	TRUE,	FALSE,	FALSE,	TRUE,	FALSE,	FALSE,	TRUE,	TRUE),
    ('Bajan Pepper Sauce','https://islandgroceryandgrill.com/wp-content/uploads/2020/10/Aunt-Mays-sauce.jpg' ,'Bajan Pepper Sauce', 'Condiments', 1, 'oz', 'Swad', TRUE, TRUE, TRUE, FALSE, FALSE, FALSE, TRUE, TRUE, TRUE, TRUE, TRUE, FALSE, FALSE, TRUE, TRUE, TRUE, TRUE, TRUE, TRUE, TRUE, TRUE, TRUE),    
    ('21 whole grains',	'https://www.kroger.com/product/images/large/front/0001376402705',	'Dave-s Killer Bread Organic 21 Whole Grains and Seed Bread',	'Bakery',	27,	'oz',	'Dave-sKiller Bread',	TRUE,	TRUE,	FALSE,	FALSE,	TRUE,	TRUE,	FALSE,	TRUE,	TRUE,	TRUE,	TRUE,	FALSE,	TRUE,	FALSE,	TRUE,	FALSE,	FALSE,	FALSE,	TRUE,	TRUE,	FALSE,	FALSE),
    ('Brownie',	'https://www.naturesbakery.com/media/catalog/product/cache/ae761e35278e8994a7118c89ae428324/b/r/browniepdp44.jpg',	'Brownies contains whole grain,dates & cocoa',	'Sweets',	1.59,	'oz',	'Natue-s Bakery',	TRUE,	TRUE,	FALSE,	FALSE,	TRUE,	TRUE,	FALSE,	FALSE,	TRUE,	TRUE,	TRUE,	FALSE,	TRUE,	FALSE,	TRUE,	FALSE,	FALSE,	TRUE,	FALSE,	TRUE,	TRUE,	FALSE),
    ('Mini Cinnamon Rolls',	'https://www.kroger.com/product/images/large/front/0004157324133',	'delicious mini cinnamon rolls',	'Bakery',	12,	'oz', 'Fresh goodness',	TRUE,	FALSE,	FALSE,	FALSE,	TRUE,	TRUE,	FALSE, FALSE,	TRUE,	TRUE,	FALSE,	FALSE,	TRUE, 	 FALSE,	FALSE,	FALSE,	FALSE,	TRUE,	FALSE,	FALSE,	FALSE,	FALSE),
    ('Texas Toast',	'https://www.kroger.com/product/images/large/front/0007045942580',	'New York Bakery Frozen Garlic Texas Toast',	'Bakery',	11.25,	'oz',	'NEW YORK bakery',	TRUE,	TRUE,	FALSE,	TRUE,	TRUE,	FALSE,	FALSE,	FALSE,	TRUE,	TRUE,	FALSE,	FALSE,	TRUE,	FALSE,	FALSE,	TRUE,	FALSE,	TRUE,	FALSE,	FALSE,	FALSE,	FALSE),
    ('garden veggie straw',	'https://m.media-amazon.com/images/I/61qK1kbcJRL._SX679_PIbundle-6,TopRight,0,0_AA679SH20_.jpg',	'Crunchy veggie straws are the perfect way to add some yum to lunch or shake up snack time',	'Snacks',	2.75,	'oz',	'Sensible Portions',	TRUE,	TRUE, TRUE,	FALSE,	TRUE,	TRUE,	TRUE,	FALSE,	TRUE,	TRUE,	FALSE,	FALSE,	TRUE,	FALSE,	FALSE,	TRUE,	FALSE,	TRUE,	TRUE,	TRUE,	FALSE,	FALSE),
    ('Cheddar rice cresps',	'https://m.media-amazon.com/images/I/91bItZvnN1L._SX679_PIbundle-6,TopRight,0,0_AA679SH20_.jpg',	'Quaker Popped Cheddar Cheese Rice Crisps',	'Snacks',	6.06,	'oz',	'Quaker	', TRUE	, TRUE,	FALSE,	FALSE,	TRUE,	FALSE,	FALSE,	FALSE,	TRUE,	TRUE,	FALSE,	FALSE,	TRUE,	FALSE,	FALSE,	FALSE,	FALSE,	FALSE,	TRUE,	TRUE,	TRUE,	FALSE),
    ('Corn Chips',	'https://m.media-amazon.com/images/I/51ph3SRv5HL.jpg',	'Fritos Original Corn Chips',	'Snacks',	9.25,	'oz',  'Fritos',	TRUE,	 TRUE,	FALSE,	FALSE,	TRUE,	TRUE,	FALSE,	FALSE,	TRUE,	TRUE,	TRUE,	FALSE,	TRUE,	FALSE,	TRUE,	TRUE,	TRUE,	TRUE,	TRUE,	TRUE,	TRUE,	FALSE),
    ('Sweet Potato Chips',	'https://m.media-amazon.com/images/I/715uTQbvJPL._SL1500_.jpg',	'Terra Vegetable Chips, Sweet Potato with No Salt Added Real Vegetable Chips',	'Snacks',	5,	'oz', 'TERRA',	TRUE,	TRUE,	FALSE,	FALSE,	FALSE,	TRUE,	FALSE,	FALSE,	TRUE,	TRUE,	TRUE,	FALSE,	TRUE,	TRUE,	TRUE,	TRUE,	TRUE,	TRUE,	TRUE,	TRUE,	TRUE,	FALSE),
    ('Kettle Style Chips',	'https://m.media-amazon.com/images/I/71r9PlJZSnS._SL1500_.jpg',	'Good Health Kettle Potato Chips, Avocado Oil Chilean Lime',	'Snacks',	5,	'oz',	'Good health',	TRUE,	TRUE,	FALSE,	FALSE,	TRUE,	FALSE,	FALSE,	FALSE,	TRUE,	TRUE,	FALSE,	FALSE,	TRUE,	FALSE,	FALSE,	FALSE,	TRUE,	TRUE,	TRUE,	TRUE,	TRUE,	FALSE),
    ('Yacon Chips',	'https://m.media-amazon.com/images/I/91ym0co5MZL._SL1500_.jpg',	'Baked Organic Yacon Chips by GOOD CHIPS! 100% Natural',	'Snacks',	1,	'oz',	'Good Chips',	TRUE,	TRUE,	FALSE,	FALSE,	TRUE,	FALSE,	TRUE,	TRUE,	TRUE,	TRUE,	TRUE,	FALSE,	TRUE,	FALSE,	TRUE,	TRUE,	TRUE,	TRUE,	FALSE,	TRUE,	TRUE,	FALSE),
    ('Cassava Ctrips',	'https://m.media-amazon.com/images/I/71NnCTzJ71L._SL1500_.jpg',	'Artisan Tropic Cassava (Yuca) Strips',	'Snacks',	4.5,	'oz',	'Artisan tropic',	TRUE,	TRUE,	FALSE,	FALSE,	TRUE,	TRUE,	FALSE,	FALSE,	TRUE,	TRUE,	TRUE,	FALSE,	TRUE,	FALSE,	TRUE,	FALSE,	TRUE,	TRUE,	FALSE,	TRUE,	TRUE,	FALSE),
    ('Welchs Fruit Cnacks',	'https://m.media-amazon.com/images/I/710R1N0SltL._SL1295_.jpg',	'Welch-s Fruit Snacks Zero Sugar Variety Pack with Mixed Fruit, Berries N Cherries & Island Fruit, Gluten Free',	'Sweets', 3,	'oz',	'Welch-s',	TRUE,	TRUE,	FALSE,	FALSE,	FALSE,	FALSE,	FALSE,	FALSE,	TRUE,	TRUE,	TRUE,	FALSE,	TRUE,	TRUE,	TRUE,	TRUE,	TRUE,	TRUE,	TRUE,	TRUE,	TRUE,	FALSE),
    ('Snack Pack Pudding',	'https://m.media-amazon.com/images/I/71gVQyoeguL._SL1500_.jpg',	'Snack Pack Chocolate and Vanilla Pudding Cups Family Pack',	'Sweets',	2,	'lb',	'snack pack',	TRUE,	TRUE,	FALSE,	FALSE,	TRUE,	TRUE,	FALSE,	FALSE,	TRUE,	TRUE,	FALSE,	FALSE,	TRUE,	TRUE,	FALSE,	FALSE,	FALSE,	TRUE,	FALSE,	TRUE,	TRUE,	FALSE),
    ('Strawberry Yogurt',	'https://m.media-amazon.com/images/I/811E9p3N6ML._SL1500_.jpg',	'Simply Chex', 'Snacks',	14,	'oz',	'Simply chex',	FALSE,	TRUE,	FALSE,	FALSE,	TRUE,	TRUE,	FALSE,	FALSE,	TRUE,	TRUE,	FALSE,	FALSE,	TRUE,	FALSE,	FALSE,	FALSE,	FALSE,	FALSE,	FALSE,	TRUE,	FALSE,	FALSE),
    ('Mini Fudge Stripes',	'https://m.media-amazon.com/images/I/81nuvyw+IOL._SL1500_.jpg',	'Keebler On-The-Go Fudge Stripes Cookies',	'Sweets',	12,	'oz',	'Keebler',	TRUE,	TRUE,	FALSE,	FALSE,	TRUE,	TRUE,	FALSE,	FALSE,	TRUE,	TRUE,	FALSE,	FALSE,	FALSE,	FALSE,	FALSE,	FALSE,	FALSE,	FALSE,	FALSE,	TRUE,	FALSE,	FALSE),
    ('Party Mix',	'https://m.media-amazon.com/images/I/81bRv9s1FfL._SL1500_.jpg',	'Utz Party Mix - 26 Ounce Barrel - Tasty Snack Mix Includes Corn Tortillas, Nacho Tortillas, Pretzels, BBQ Corn Chips and Cheese Curls, Easy and Quick Party Snacks, Cholesterol Free and Trans-Fat Free',	'Snacks',	26,	'oz',	'UTZ',	TRUE,	TRUE,	FALSE,	FALSE,	TRUE,	TRUE,	FALSE,	FALSE,	TRUE,	TRUE,	TRUE,	FALSE,	TRUE,	FALSE,	TRUE,	FALSE,	FALSE,	TRUE,	TRUE,	TRUE,	TRUE,	FALSE),
    ('Cheese',	'https://m.media-amazon.com/images/I/81CtyeVX84L._SL1500_.jpg',	'Shredded Mexican Four Cheese Blend',	'Dairy',	8,	'oz',	'HAPPY BELLY',	TRUE,	TRUE,	FALSE,	FALSE,	TRUE,	TRUE,	FALSE,	FALSE,	TRUE,	TRUE,	FALSE,	FALSE,	TRUE,	FALSE,	FALSE,	FALSE,	TRUE,	TRUE,	TRUE,	TRUE,	TRUE,	FALSE),
    ('Parmesan',	'https://m.media-amazon.com/images/I/71Ts+lexTsL._SL1500_.jpg',	'grated parmesan cheese made with milk from cows not treated with rBST',	'Dairy',	8,	'oz',	'365 by Whole Foods Market',	TRUE,	TRUE,	FALSE,	FALSE,	TRUE,	TRUE,	FALSE,	FALSE,	TRUE,	TRUE,	FALSE,	FALSE,	TRUE,	FALSE,	FALSE,	FALSE,	TRUE,	TRUE,	TRUE,	TRUE,	TRUE,	FALSE),
    ('Kids Yogurt', 'https://m.media-amazon.com/images/I/81JGg0Uc7fL._SL1500_.jpg',	'Stonyfield Organic Kids Strawberry Lowfat Yogurt Tubes',	'Dairy',	16,	'oz',	'STONYFIELD',	TRUE,	TRUE,	FALSE,	TRUE,	TRUE,	TRUE,	FALSE,	TRUE,	TRUE,	TRUE,	FALSE,	FALSE,	TRUE,	FALSE,	FALSE,	FALSE,	TRUE,	TRUE,	TRUE,	TRUE,	TRUE,	FALSE),
    ('Greek Yogurt',	'https://m.media-amazon.com/images/I/717jGdmoQgL._SL1500_.jpg',	'FAGE Total Greek Yogurt, 2% Reduced Fat, Plain,',	'Dairy',	5.3, 'oz',	'FAGE TOTAL',	TRUE,	TRUE,	FALSE,	FALSE,	TRUE,	TRUE,	FALSE,	FALSE,	TRUE,	TRUE,	FALSE,	FALSE,	TRUE,	FALSE,	FALSE,	FALSE,	TRUE,	TRUE,	TRUE,	FALSE,	TRUE,	FALSE),
    ('Basmati Rice',	'https://m.media-amazon.com/images/I/71kjSKjRHxL._SL1500_.jpg',	'Authentic Royal Royal Basmati Rice',	'Grains',	15,	'lb',	'ROYAL',	TRUE,	TRUE,	FALSE,	FALSE,	TRUE,	TRUE,	TRUE,	FALSE,	TRUE,	TRUE,	TRUE,	FALSE,	TRUE,	FALSE,	TRUE,	TRUE,	TRUE,	TRUE,	TRUE,	TRUE,	TRUE,	TRUE),
    ('Medium Grain Rice',	'https://m.media-amazon.com/images/I/91a3Kp2SP7L._SL1500_.jpg',	'Nishiki Premium Rice, Medium Grain',	'Grains',	15,	'lb',	'NISHIKI',	TRUE,	TRUE,	FALSE,	FALSE,	TRUE,	TRUE,	TRUE,	FALSE,	TRUE,	TRUE,	TRUE,	FALSE,	TRUE,	FALSE,	TRUE,	TRUE,	TRUE,	TRUE,	TRUE,	TRUE,	TRUE,	FALSE),
    ('Long Grain White Rice',	'https://m.media-amazon.com/images/I/51ux9mNKHPL._SL1000_.jpg',	'365 by Whole Foods Market, Organic Long Grain White Rice',	'Grains',	32,	'oz',	'365 by  whole food',	TRUE,	TRUE,	FALSE,	FALSE,	TRUE,	TRUE,	TRUE,	TRUE,	TRUE,	TRUE,	TRUE,	FALSE,	TRUE,	FALSE,	TRUE,	TRUE,	TRUE,	TRUE,	TRUE,	TRUE,	TRUE,	FALSE),
    ('Energy Drink',	'https://m.media-amazon.com/images/I/71noG8HZabL._SL1500_.jpg',	'Red Bull Energy Drink',	'Beverages',	20,	'fl oz',	'red bull',	TRUE,	TRUE,	TRUE,	TRUE,	FALSE,	FALSE,	FALSE,	FALSE,	TRUE,	TRUE,	TRUE,	FALSE,	TRUE,	TRUE,	TRUE,	FALSE,	FALSE,	TRUE,	FALSE,	FALSE,	TRUE,	FALSE),
    ('Iced Tea',	'https://m.media-amazon.com/images/I/71s3hU+bzwL._SL1500_.jpg',	'Bai Iced Tea, Narino Peach, Antioxidant Infused Supertea, Crafted with Real Tea (Black Tea, White Tea)',	'Beverages',	18,	'fl oz',	'BAI',	TRUE,	TRUE,	FALSE,	FALSE,	TRUE,	TRUE,	FALSE,	FALSE,	TRUE,	FALSE,	TRUE,	FALSE,	TRUE,	TRUE,	TRUE,	FALSE,	TRUE,	TRUE,	TRUE,	TRUE,	TRUE,	FALSE),
    ('Cold Coffee',	'https://m.media-amazon.com/images/I/61IuuhAiWGL._SL1500_.jpg',	'Explorer Cold Brew Coffee Extra Caffeine Concentrate',	'Beverages',	32,	'floz',	'EXPLORER',	TRUE,	TRUE,	FALSE,	FALSE,	TRUE,	TRUE,	FALSE,	TRUE,	TRUE,	TRUE,	TRUE,	FALSE,	TRUE,	TRUE,	TRUE,	FALSE,	TRUE,	TRUE,	TRUE,	TRUE,	TRUE,	FALSE),
    ('Fuji Water',	'https://m.media-amazon.com/images/I/81g8RZGM4VL._SL1500_.jpg',	'FIJI Natural Artesian Bottled Water',	'Beverages',	16.9,	'fl oz',	'FUJI',	TRUE,	TRUE,	FALSE,	FALSE,	TRUE,	TRUE,	TRUE,	FALSE,	TRUE,	TRUE,	TRUE,	FALSE,	TRUE,	FALSE,	TRUE,	TRUE,	TRUE,	TRUE,	TRUE,	TRUE,	TRUE,	FALSE),
    ('valley spring water',	'https://m.media-amazon.com/images/I/517rjw1epSL._SL1000_.jpg',	'Mountain Valley, Spring Water, Glass Bottle',	'Beverages',	16.9,	'fl oz',	'the mountain',	TRUE,	TRUE,	FALSE,	FALSE,	TRUE,	TRUE,	TRUE,	FALSE,	TRUE,	TRUE,	TRUE,	FALSE,	TRUE,	FALSE,	TRUE,	TRUE,	TRUE,	TRUE,	TRUE,	TRUE,	TRUE,	FALSE),
    ('Mocha Frappoccino	', 'https://m.media-amazon.com/images/I/81yY1mBA9JL._SL1500_.jpg',	'Starbucks Frappuccino Coffee Drink, Mocha',	'Beverages',	13.7,	'fl oz',	'STARBUCKS', TRUE,	TRUE,	FALSE,	FALSE,	TRUE,	TRUE,	FALSE,	FALSE,	TRUE,	TRUE,	FALSE,	FALSE,	TRUE,	TRUE,	FALSE,	FALSE,	FALSE,	TRUE,	FALSE,	FALSE,	TRUE,	FALSE),
    ('Sport Drink',	'https://m.media-amazon.com/images/I/71gKBo316WL._SL1500_.jpg',	'BODYARMOR Sports Drink Sports Beverage, Strawberry Banana, Coconut Water Hydration, Natural Flavors',	'Beverages',	16,	'fl oz',	'BODYARMOR',	TRUE,	TRUE,	FALSE,	FALSE,	TRUE,	TRUE,	FALSE,	FALSE,	TRUE,	TRUE,	TRUE,	FALSE,	TRUE,	FALSE,	TRUE,	FALSE,	FALSE,	TRUE,	FALSE,	TRUE,	TRUE,	FALSE),
    ('Coconut Water',	'https://m.media-amazon.com/images/I/81R-aAwCKWL._SX569_PIbundle-12,TopRight,0,0_AA569SH20_.jpg',	'Vita Coco Coconut Water, Pure Organic | Refreshing Coconut Taste ',	'Beverages',	11.1,	'fl oz',	'VITA COCO',	TRUE,	TRUE,	FALSE,	FALSE,	TRUE,	TRUE,	FALSE,	TRUE,	TRUE,	TRUE,	TRUE,	FALSE,	TRUE,	FALSE,	TRUE,	TRUE,	FALSE,	TRUE,	FALSE,	TRUE,	TRUE,	FALSE),
    ('Orange Juice',	'https://m.media-amazon.com/images/I/61jL2GCuKLL._SX425_.jpg',	'100% orange juice vitamin C',	'Beverages',	10,	'fl oz',	'TROPICANA',	TRUE,	TRUE,	FALSE,	FALSE,	TRUE,	TRUE,	FALSE,	FALSE,	TRUE,	TRUE,	TRUE,	FALSE,	TRUE,	FALSE,	TRUE,	FALSE,	FALSE,	TRUE,	FALSE,	TRUE,	TRUE,	FALSE),
    ('Tropical Blend',	'https://m.media-amazon.com/images/I/61oLZ9sl4fL._SL1500_.jpg',	'V8 Splash Tropical Fruit Blend Juice Beverage',	'Beverages',	64,	'fl oz', 	'V8 Splash',	TRUE,	TRUE,	FALSE,	FALSE,	TRUE,	TRUE,	FALSE,	FALSE,	TRUE,	TRUE,	TRUE,	FALSE,	TRUE,	FALSE,	TRUE,	FALSE,	FALSE,	TRUE,	FALSE,	TRUE,	TRUE,	FALSE),
    ('Sweet Tea	', 'https://m.media-amazon.com/images/I/81BrEQTKnGL._SL1500_.jpg',	'Gold Peak Sweetened Black Iced Tea Drink',	'Beverages',	16.9,	'fl oz',	'GOLD PEAK',	TRUE,	TRUE,	FALSE,	FALSE,	TRUE,	TRUE,	FALSE,	FALSE,	TRUE,	TRUE,	TRUE,	FALSE,	TRUE,	TRUE,	TRUE,	TRUE,	FALSE,	TRUE,	FALSE,	TRUE,	TRUE,	FALSE),    
    ('Coca Cola',	'https://m.media-amazon.com/images/I/41SmIGGYuTL.jpg',	'cold coca soda bottle',	'Beverages',	20,	'fl oz',	'COCACOLA',	TRUE,	TRUE,	FALSE,	FALSE,	TRUE,	TRUE,	FALSE,	FALSE,	TRUE,	TRUE,	TRUE,	FALSE,	TRUE,	TRUE,	TRUE,	FALSE,	FALSE,	TRUE,	FALSE,	FALSE,	TRUE,FALSE),
    ('Energy Drink Zero Sugar',	'https://m.media-amazon.com/images/I/71vUa83QLCL._SL1500_.jpg',	'Monster Energy Zero Sugar, Green, Original, Low Calorie Energy Drink',	'Beverages',	16,	'fl oz',	'MONSTER',	TRUE,	TRUE,	FALSE,	FALSE,	TRUE,	TRUE,	FALSE,	FALSE,	TRUE,	TRUE,	TRUE,	FALSE,	TRUE,	TRUE,	TRUE,	FALSE,	TRUE,	TRUE,	TRUE,	TRUE,	TRUE,	FALSE),
    ('Apple Juice',	'https://m.media-amazon.com/images/I/81+exUkRB5L._SL1500_.jpg',	'Apple & Eve, Apple Juice',	'Beverages',	64,	'fl oz', 'APPLE & EVE',	TRUE,	TRUE,	FALSE,	FALSE,	TRUE,	TRUE,	FALSE,	FALSE,	TRUE,	TRUE,	TRUE,	FALSE,	TRUE,	FALSE,	TRUE,	FALSE,	FALSE,	TRUE,	FALSE,	TRUE,	TRUE,	FALSE),
    ( 'Pure Ground Black pepper', 'https://target.scene7.com/is/image/Target/GUEST_8eff15a1-b94c-4c53-af47-1d61ded7c8e8?wid=400&hei=400&qlt=80&fmt=webp',   'Sharp earthy flavcr and aroma', 'Spices',  3,  'oz',   'Mckormick',    TRUE,   TRUE,   TRUE,   FALSE,  FALSE,  FALSE,  TRUE,   FALSE,  FALSE,  TRUE,   TRUE,   FALSE,  TRUE,   FALSE,  TRUE,   TRUE,   TRUE,   TRUE,   TRUE,   TRUE,   TRUE,   FALSE),
    ('Seasoned Salt', 'https://target.scene7.com/is/image/Target/GUEST_1322c959-6b0b-472b-994c-75168edc5ebe?wid=600&hei=600&qlt=80&fmt=webp', 'Flavorful alternative to table salt', 'Spices', 8, 'oz', 'Lawrys',   TRUE,   TRUE,   TRUE,   FALSE,  FALSE,  FALSE,  TRUE,   FALSE,  FALSE,  TRUE,   TRUE,   FALSE,  TRUE,   FALSE,  TRUE,   TRUE,   TRUE,   TRUE,   TRUE,   TRUE,   TRUE,   FALSE),
    ('Cayenne Pepper Spice', 'https://target.scene7.com/is/image/Target/GUEST_83ad67cd-074a-47c9-aaa7-38d284216314?wid=475&hei=475&qlt=80&fmt=webp', 'Spicy and fiery authentic New Orleans-style flavor' ,   'Spices', 7.25, 'oz', 'Zatarains', TRUE, TRUE, TRUE, FALSE, FALSE, FALSE, TRUE, FALSE, FALSE, TRUE, TRUE, FALSE, TRUE, FALSE, TRUE, TRUE, TRUE, TRUE, TRUE, TRUE, TRUE, FALSE),
    ('Baguette',	'https://static.specsonline.com/wp-content/uploads/2021/03/081330501549.jpg',	'take  and bake baguettes',	'Bakery',	14, 'oz/2ct',	'the essential baking',	TRUE,	TRUE,	FALSE,	FALSE,	TRUE,	FALSE,	FALSE,	TRUE,	FALSE,	TRUE,	TRUE,	FALSE,	TRUE,	FALSE,	TRUE,	TRUE,	FALSE,	TRUE,	TRUE,	TRUE,	FALSE,	TRUE),
    ('Grand Pepper Cayenne', 'https://target.scene7.com/is/image/Target/GUEST_2ffa02bc-7252-431c-84c2-71824de620a6?wid=800&hei=800&qlt=80&fmt=webp', 'Orange red to deep red granulated powder with a pungent biting flavor and characteristic hot spice aroma.', 'Spices', 1.75, 'oz', 'Badia', TRUE, TRUE, TRUE, FALSE, TRUE, TRUE, TRUE, FALSE,FALSE, TRUE, TRUE, FALSE, TRUE, FALSE, TRUE, TRUE, TRUE, TRUE, TRUE, TRUE, TRUE, TRUE),
    ('Ciabatta Bread',	'https://images.heb.com/is/image/HEBGrocery/001851333-1',	'Take And Bake Ciabatta Bread',	'Bakery',	14,	'oz',  'New frensh',	TRUE,	TRUE,	FALSE,	FALSE,	TRUE,	FALSE,	FALSE,	FALSE,	FALSE,	TRUE,	TRUE,	FALSE,	TRUE,	FALSE,	TRUE,	TRUE,	TRUE,	TRUE,	TRUE,	TRUE,	FALSE,	TRUE),
    ('Onion Powder', 'https://target.scene7.com/is/image/Target/GUEST_f2d2979b-b54e-4f92-8cef-c89841c34faf?wid=400&hei=400&qlt=80&fmt=webp', 'Strong and pungent flavor', 'Spices', 2.75, 'oz', 'Badia', TRUE, TRUE, TRUE, FALSE, TRUE, TRUE, TRUE, FALSE, FALSE, TRUE, TRUE, FALSE, TRUE, FALSE, TRUE, TRUE, TRUE, TRUE, TRUE, TRUE, TRUE, TRUE),
    ('Yolele Fonio Ancient grain',	'https://img.thrivemarket.com/store/full/y/o/yolelefoniograin_1_1.jpg',	'the ancient west african grain', 'Grains',	10,	'oz',	 'Yolele',	TRUE,	TRUE,	FALSE,	FALSE,	TRUE,	FALSE,	FALSE,	TRUE,	TRUE,	TRUE,	TRUE,	FALSE,	TRUE,	FALSE,	TRUE,	FALSE,	TRUE,	TRUE,	TRUE,	TRUE,	TRUE,	TRUE),
    ('Curry Powder', 'https://target.scene7.com/is/image/Target/GUEST_e226df94-58de-41e9-8e80-30c59abe4029?wid=800&hei=800&qlt=80&fmt=webp', 'Essential spice for Indian cuisine', 'Spices', 2, 'oz', 'Badia', TRUE, FALSE, FALSE, FALSE, TRUE, FALSE, FALSE, TRUE, TRUE, FALSE, TRUE, FALSE, TRUE, TRUE, TRUE, TRUE, TRUE, TRUE, TRUE, TRUE, TRUE, TRUE),
    ('Gluten Free Pink Sea Salt', 'https://target.scene7.com/is/image/Target/GUEST_9fea0459-511e-4f8a-9e04-c5a9119a944c?wid=400&hei=400&qlt=80&fmt=webp', 'Convenient shake-on-anything blend of garlicky, citrusy and sweet flavors', 'Spices', 6.5, 'oz', 'Mckormick', TRUE, TRUE, TRUE, TRUE, FALSE, FALSE, TRUE, TRUE, FALSE, TRUE, FALSE, TRUE, TRUE, TRUE, TRUE, TRUE, TRUE, TRUE, TRUE, TRUE, TRUE, TRUE),
    ('Iodized Salt', 'https://target.scene7.com/is/image/Target/GUEST_f134a098-901b-4ce6-a6e8-c0c8902de483?wid=1200&hei=1200&qlt=80&fmt=webp', 'Great for everyday use - This is an iodized salt, perfect for everything from cooking and baking to filling table salt shakers', 'Spices', 26, 'oz', 'Morton''s', TRUE, TRUE, TRUE, FALSE, FALSE, FALSE, TRUE, FALSE, FALSE, TRUE, TRUE, FALSE, TRUE, FALSE, TRUE, TRUE, TRUE, TRUE, TRUE, TRUE, TRUE, FALSE),
    ('Coarse Kosher Salt', 'https://target.scene7.com/is/image/Target/GUEST_bab96667-c392-4b7c-927d-b5da28cdabc1?wid=600&hei=600&qlt=80&fmt=webp', 'Our flakiest and least dense salt, a dash of Morton Coarse Kosher Salt can elevate any dish, savory or sweet', 'Spices', 16, 'oz', 'Morton''s', TRUE, TRUE, TRUE, FALSE, FALSE, TRUE, TRUE, FALSE, FALSE, TRUE, TRUE, FALSE, TRUE, FALSE, TRUE, TRUE, TRUE, TRUE, TRUE, TRUE, TRUE, FALSE),
    ('Pink Himalayan Salt Grinder', 'https://target.scene7.com/is/image/Target/GUEST_9f23ddce-0a40-4139-ba00-f7cee9250243?wid=400&hei=400&qlt=80&fmt=webp', 'This beautiful pink salt looks great but also has a high mineral content, making it a better option when adding salt to your dishes.', 'Spices', 10, 'oz', 'Olde Thompson', TRUE, TRUE, TRUE, FALSE, FALSE, FALSE, TRUE, FALSE, FALSE, TRUE, TRUE, FALSE, TRUE, FALSE, TRUE, TRUE, TRUE, TRUE, TRUE, TRUE, TRUE, TRUE),  
    ('Garlic Salt', 'https://target.scene7.com/is/image/Target/GUEST_d247ae85-9eb2-426e-a3e6-cb68e447298b?wid=600&hei=600&qlt=80&fmt=webp', 'A premium blend of garlic, salt and parsley', 'Spices', 11, 'oz', 'Lawry''s', TRUE, TRUE, TRUE, FALSE, FALSE, TRUE, TRUE, FALSE, FALSE, TRUE, TRUE, FALSE, TRUE, FALSE, TRUE, TRUE, TRUE, TRUE, TRUE, TRUE, TRUE, FALSE),
    ('Ground Cumin', 'https://target.scene7.com/is/image/Target/GUEST_8594b0a3-0afa-4336-9707-d354831fd66b?wid=800&hei=800&qlt=80&fmt=webp', 'Cumin is a signature spice used in many blends', 'Spices', 2, 'oz', 'Badia', TRUE, TRUE, TRUE, FALSE, FALSE, FALSE, TRUE, FALSE, FALSE, TRUE, TRUE, FALSE, TRUE, FALSE, TRUE, TRUE, TRUE, TRUE, TRUE, TRUE, TRUE, TRUE),
    ('Frozen Meatballs', 'https://target.scene7.com/is/image/Target/GUEST_34cee3f9-5efa-4314-a4d0-35736e6e8428?wid=600&hei=600&qlt=80&fmt=webp', 'Made with select cuts of meat and flame-broiled to sear in the natural flavors and juices, our Cooked Perfect Meatballs feature a variety of flavors to suit every taste', 'Meat', 18, 'oz', 'Cooked Perfect', TRUE, TRUE, FALSE, TRUE, FALSE, FALSE, TRUE, FALSE, FALSE, TRUE, FALSE, FALSE, TRUE, FALSE, FALSE, FALSE, FALSE, TRUE, FALSE, TRUE, TRUE, FALSE),
    ('Burger Beef Patties', 'https://target.scene7.com/is/image/Target/GUEST_fcbc7b90-966b-4d1c-9848-fc35cc668a7c?wid=800&hei=800&qlt=80&fmt=webp', 'All beef 100% USDA choice chuck with real ingredients', 'Meat', 32, 'oz', 'Bubba', TRUE, TRUE, FALSE, TRUE, FALSE, FALSE, TRUE, FALSE, FALSE, TRUE, FALSE, FALSE, TRUE, FALSE, TRUE, TRUE, TRUE, TRUE, FALSE, TRUE, TRUE, FALSE),
    ('Beer Battered Fish Fillets', 'https://target.scene7.com/is/image/Target/GUEST_2d081d4a-f632-4948-8f5a-09a2baa78d09?wid=600&hei=600&qlt=80&fmt=webp', 'Beer battered wild-caught pollock fillets', 'Seafood', 18.2, 'oz', 'Gorton''s', TRUE, TRUE, FALSE, TRUE, FALSE, FALSE, TRUE, FALSE, FALSE, TRUE, FALSE, TRUE, TRUE, FALSE, FALSE, TRUE, TRUE, TRUE, TRUE, FALSE, TRUE, FALSE),
    ('Fish Sandwich Breaded Fillets', 'https://target.scene7.com/is/image/Target/GUEST_ee7b3d4b-50ae-486c-b96d-3ad5bec41bdc?wid=600&hei=600&qlt=80&fmt=webp', 'Breaded Alaskan pollock fish sandwich fillets', 'Seafood', 18.3, 'oz', 'Gorton''s', TRUE, TRUE, FALSE, TRUE, FALSE, FALSE, TRUE, FALSE, FALSE, TRUE, FALSE, TRUE, TRUE, FALSE, FALSE, TRUE, FALSE, TRUE, TRUE, TRUE, TRUE, FALSE),
    ('Jumbo Coconut Shrimp', 'https://target.scene7.com/is/image/Target/GUEST_cfa6aaa6-f5c4-482c-8e76-527a4e3496c8?wid=400&hei=400&qlt=80&fmt=webp', 'Wild Caught Breaded coconut shrimp', 'Seafood', 16, 'oz', 'SeaPak', TRUE, TRUE, FALSE, TRUE, FALSE, FALSE, TRUE, FALSE, FALSE, TRUE, FALSE, TRUE, TRUE, FALSE, TRUE, TRUE, FALSE, TRUE, TRUE, FALSE, TRUE, FALSE),
    ('Amaranth', 'https://www.vitacost.com/Images/Products/500/Bobs-Red-Mill/Bobs-Red-Mill-Organic-Amaranth-Grain-039978029102.jpg', 'Organic Whole Grain Amaranth', 'Grains',	1.8	,'lb',	'Bobs Red mill',	FALSE,	TRUE,	FALSE,	FALSE,	TRUE,	FALSE,	FALSE,	TRUE,	TRUE,	TRUE,	TRUE,	FALSE,	TRUE,	FALSE,	TRUE,	TRUE,	TRUE,	TRUE,	TRUE,	TRUE,	TRUE,	TRUE),    
    ('Jammin'' Jerk Shrimp', 'https://target.scene7.com/is/image/Target/GUEST_ea3d28d8-fd29-49de-8868-dc929beb95a4?wid=400&hei=400&qlt=80&fmt=webp', 'Seasoned with Jamaican spices.', 'Seafood', 8, 'oz', 'Margaritaville', TRUE, TRUE, FALSE, TRUE, FALSE, FALSE, TRUE, FALSE, FALSE, TRUE, FALSE, TRUE, TRUE, FALSE, TRUE, TRUE, FALSE, TRUE, TRUE, TRUE, TRUE, FALSE),
    ('Coconut Shrimp with Sweet Thai Chili Sauce', 'https://target.scene7.com/is/image/Target/GUEST_20dd54c5-def8-4d0d-a43a-93779bb6ed1a?wid=600&hei=600&qlt=80&fmt=webp', 'Hand coated with gluten free breading and coconut flakes', 'Seafood', 16, 'oz', 'Royal Asia', TRUE, FALSE, FALSE, TRUE, FALSE, FALSE, TRUE, FALSE, FALSE, TRUE, FALSE, TRUE, TRUE, FALSE, TRUE, TRUE, TRUE, TRUE, TRUE, TRUE, TRUE, FALSE),
    ('Nashville Style Hot Shrimp', 'https://target.scene7.com/is/image/Target/GUEST_944de82b-b851-49ea-a488-f52d82bd9e5a?wid=600&hei=600&qlt=80&fmt=webp', 'Specifically selected pacific white shrimp', 'Seafood', 16, 'oz', 'Royal Asia', TRUE, FALSE, TRUE, TRUE, FALSE, FALSE, TRUE, FALSE, FALSE, TRUE, FALSE, TRUE, TRUE, FALSE, TRUE, TRUE, TRUE, TRUE, TRUE, TRUE, TRUE, FALSE),
    ('Fresh Sweet Bourbon Atlantic Salmon Portion', 'https://target.scene7.com/is/image/Target/GUEST_8abb3451-1ef1-40b7-a9be-22f8896bd5cb?wid=600&hei=600&qlt=80&fmt=webp', 'MOWI Atlantic Salmon is farm-raised.', 'Seafood', 14, 'oz', 'Mowi', TRUE, TRUE, TRUE, FALSE, FALSE, FALSE, TRUE, FALSE, FALSE, TRUE, FALSE, TRUE, TRUE, FALSE, TRUE, TRUE, TRUE, TRUE, TRUE, TRUE, TRUE, FALSE),
    ('Wild Sockeye Salmon', 'https://target.scene7.com/is/image/Target/GUEST_aa354230-74f7-429d-9f45-4069dc810851?wid=600&hei=600&qlt=80&fmt=webp', 'Skinless and boneless sockeye salmon fillets', 'Seafood', 6, 'oz', 'Wild Planet', TRUE, TRUE, TRUE, FALSE, FALSE, FALSE, TRUE, FALSE, FALSE, TRUE, FALSE, TRUE, TRUE, FALSE, TRUE, TRUE, TRUE, TRUE, TRUE, TRUE, TRUE, FALSE),
    ('Premium Wild Pink Salmon', 'https://target.scene7.com/is/image/Target/GUEST_ac9e3854-53d4-4c09-9119-faf7769a2f3e?wid=600&hei=600&qlt=80&fmt=webp', 'Fresh, flavorful wild-caught pink salmon', 'Seafood', 14.75, 'oz', 'Bumble Bee', TRUE, TRUE, TRUE, FALSE, FALSE, FALSE, TRUE, FALSE, FALSE, TRUE, FALSE, TRUE, TRUE, FALSE, TRUE, TRUE, TRUE, TRUE, TRUE, TRUE, TRUE, FALSE),
    ('Sardines in Olive Oil', 'https://target.scene7.com/is/image/Target/GUEST_ed52746f-8992-4335-8ab8-47a0a8a155fc?wid=400&hei=400&qlt=80&fmt=webp', 'The finest quality, extra-small and delicate Norwegian brisling sardines in top-grade extra virgin olive oil, authentically oak wood-smoked with No Artificial Flavors', 'Seafood', 3.75, 'oz', 'King Oscar', TRUE, TRUE, TRUE, FALSE, FALSE, FALSE, TRUE, FALSE, FALSE, TRUE, FALSE, TRUE, TRUE, TRUE, TRUE, TRUE, TRUE, TRUE, TRUE, TRUE, TRUE, FALSE),
    ('Smoked Uncured Ham Sliced Lunch Meat Family Size', 'https://target.scene7.com/is/image/Target/GUEST_a6af1b5b-f2b6-4c1a-ad5a-bb478b75959a?wid=600&hei=600&qlt=80&fmt=webp', 'Uncured ham lunch meat has no artificial preservatives, except those naturally occurring in cultured celery juice', 'Meat', 16, 'lb', 'Oscar Meyer Deli Fresh', TRUE, TRUE, TRUE, FALSE, FALSE, FALSE, TRUE, FALSE, FALSE, TRUE, FALSE, FALSE, TRUE, FALSE, FALSE, TRUE, TRUE, TRUE, FALSE, TRUE, TRUE, FALSE),
    ('Uncured Black Forest Ham', 'https://target.scene7.com/is/image/Target/GUEST_d1da1806-7dd8-4572-bfc4-88ee2b11451f?wid=800&hei=800&qlt=80&fmt=webp', 'Sliced and slow smoked to perfection, this ham is ready for your sandwich.', 'Meat', 7, 'oz', 'Applegate', TRUE, TRUE, TRUE, FALSE, FALSE, FALSE, TRUE, FALSE, FALSE, TRUE, FALSE, FALSE, TRUE, FALSE, TRUE, TRUE, TRUE, TRUE, FALSE, TRUE, TRUE, FALSE),
    ('Organic Oven Roasted Turkey Breast', 'https://target.scene7.com/is/image/Target/GUEST_753a5faf-d4db-4d39-acb8-d9965baba6c7?wid=600&hei=600&qlt=80&fmt=webp', 'The perfect lunch meat or cold cut. We source from family farms, where animals are raised with care and respect.', 'Meat', 6, 'oz', 'Applegate', TRUE, TRUE, TRUE, FALSE, FALSE, FALSE, TRUE, TRUE, FALSE, TRUE, FALSE, FALSE, TRUE, FALSE, FALSE, TRUE, TRUE, TRUE, FALSE, FALSE, TRUE, FALSE),
    ('Shaved Beef Steak', 'https://target.scene7.com/is/image/Target/GUEST_ba8a7623-59b3-430e-a046-0d2fe2d1c9a1?wid=400&hei=400&qlt=80&fmt=webp', '100% Beef No Fillers', 'Meat', 14, 'oz', 'Old Neighborhood', TRUE, TRUE, TRUE, FALSE, FALSE, FALSE, TRUE, FALSE, FALSE, TRUE, FALSE, FALSE, TRUE, FALSE, FALSE, TRUE, TRUE, TRUE, FALSE, TRUE, TRUE, FALSE),
    ('Beef 96/4 Ground Beef', 'https://target.scene7.com/is/image/Target/GUEST_a2dbf656-2ae5-4e60-8909-49855a8e6c06?wid=600&hei=600&qlt=80&fmt=webp', 'Lean Ground Beef', 'Meat', 1, 'lb', 'Laura', TRUE, TRUE, TRUE, FALSE, FALSE, FALSE, TRUE, FALSE, FALSE, TRUE, FALSE, FALSE, TRUE, FALSE, FALSE, TRUE, TRUE, TRUE, FALSE, TRUE, TRUE, FALSE),
    ('Ultra Thin Oven Roasted Turkey', 'https://target.scene7.com/is/image/Target/GUEST_1f8993cb-5506-4531-99ed-e2b4666f2574?wid=800&hei=800&qlt=80&fmt=webp', 'Oven roast turkey lunchmeat is slow cooked for a rich taste', 'Meat', 16, 'oz', 'Hormel', TRUE, TRUE, TRUE, FALSE, FALSE, FALSE, TRUE, FALSE, FALSE, TRUE, FALSE, FALSE, TRUE, FALSE, FALSE, TRUE, TRUE, TRUE, FALSE, TRUE, TRUE, FALSE),
    ('Family Size Chicken Nuggets', 'https://target.scene7.com/is/image/Target/GUEST_ff5649c2-dfc6-415a-bfcc-09c18d1323bb?wid=800&hei=800&qlt=80&fmt=webp', 'Breaded nugget-shaped chicken patties', 'Poultry', 16, 'oz', 'Applegate Naturals', TRUE, FALSE, FALSE, TRUE, FALSE, FALSE, TRUE, FALSE, FALSE, TRUE, FALSE, FALSE, TRUE, FALSE, TRUE, TRUE, FALSE, TRUE, FALSE, TRUE, TRUE, FALSE),
    ('Gluten Free Family Size Chicken Nuggets', 'https://target.scene7.com/is/image/Target/GUEST_0c53af20-fc14-4f3c-a7fd-0142aa77ae25?wid=800&hei=800&qlt=80&fmt=webp', 'Breaded nugget-shaped chicken patties', 'Poultry', 16, 'oz', 'Applegate Naturals', TRUE, FALSE, FALSE, TRUE, FALSE, FALSE, TRUE, FALSE, FALSE, TRUE, FALSE, FALSE, TRUE, FALSE, TRUE, TRUE, TRUE, TRUE, FALSE, TRUE, TRUE, FALSE),
    ('Simply Smart Organics Gluten Free Breaded Chicken Breast Tenders', 'https://target.scene7.com/is/image/Target/GUEST_add78fb8-ad84-4e98-84f5-f4b87a73797b?wid=800&hei=800&qlt=80&fmt=webp', 'Chicken Breast Tenders are frozen and fully cooked for your convenience', 'Poultry', 22, 'oz', 'Perdue Simply Naturals', TRUE, TRUE, FALSE, TRUE, FALSE, FALSE, TRUE, TRUE, FALSE, TRUE, FALSE, FALSE, TRUE, FALSE, TRUE, TRUE, TRUE, TRUE, FALSE, TRUE, TRUE, FALSE),
    ('Chicken Breast Strips', 'https://target.scene7.com/is/image/Target/GUEST_7274b9b7-ce60-4ad6-8918-54f001b24865?wid=800&hei=800&qlt=80&fmt=webp', 'Chicken breast is pre-sliced and packaged in an easy-to-open tray to minimize clean up and prep time', 'Poultry', 1.25, 'oz', 'Perdue Fresh Cuts', TRUE, TRUE, TRUE, FALSE, FALSE, FALSE, TRUE, FALSE, FALSE, TRUE, FALSE, FALSE, TRUE, FALSE, FALSE, TRUE, TRUE, TRUE, FALSE, TRUE, FALSE, FALSE),
    ('Perfect Portions Boneless Skinless All Natural Chicken Breasts', 'https://target.scene7.com/is/image/Target/GUEST_c478f2e7-2398-4ba4-a963-f807acf13e86?wid=600&hei=600&qlt=80&fmt=webp', 'Boneless Skinless Chicken Breasts', 'Poultry', 1.5, 'oz', 'Perdue', TRUE, TRUE, TRUE, FALSE, FALSE, FALSE, TRUE, FALSE, FALSE, TRUE, FALSE, FALSE, TRUE, FALSE, FALSE, TRUE, TRUE, TRUE, FALSE, TRUE, FALSE, FALSE),  
    ('Momofuku x A-Sha Soy & Scallion Noodles', 'https://target.scene7.com/is/image/Target/GUEST_c39748ee-e18b-4adf-8262-c2871b6966bb?wid=800&hei=800&qlt=80&fmt=webp', 'Noodles are air-dried and never fried so theyre as nutritious as they are delicious', 'Pasta & Noodles', 16.93, 'oz', 'Momofuku', TRUE, TRUE, FALSE, FALSE, FALSE, FALSE, TRUE, FALSE, FALSE, TRUE, TRUE, FALSE, TRUE, FALSE, TRUE, TRUE, FALSE, TRUE, FALSE, FALSE, FALSE, TRUE),
    ('Frooti','https://th.bing.com/th/id/OIP.ZZnpxfrQdTiZ1Kc7bxpQ0wHaIE?pid=ImgDet&rs=1', 'Mango Juice', 'Beverages', 1, 'oz', 'Swad', TRUE, TRUE, TRUE, FALSE, FALSE, FALSE, TRUE, TRUE, TRUE, TRUE, TRUE, FALSE, FALSE, TRUE, TRUE, TRUE, TRUE, TRUE, TRUE, TRUE, TRUE, TRUE),      
    ('Lotus Foods Pad Thai Rice Noodles', 'https://target.scene7.com/is/image/Target/GUEST_3ccc853d-3a6e-4c24-96d0-26fb74f546de?wid=800&hei=800&qlt=80&fmt=webp', 'Naturally gluten-free and crafted from a single ingredient: certified organic white rice Organic Gluten Free noodles', 'Pasta & Noodles', 8, 'oz', 'Lotus Foods', TRUE, TRUE, FALSE, FALSE, FALSE, FALSE, TRUE, TRUE, FALSE, TRUE, TRUE, FALSE, TRUE, FALSE, TRUE, TRUE, TRUE, TRUE, FALSE, FALSE, TRUE, TRUE),
    ('Maruchan Chicken Ramen Noodle Soup Cup', 'https://target.scene7.com/is/image/Target/GUEST_b0467189-0fa4-41b9-92f7-31264d8159c0?wid=1200&hei=1200&qlt=80&fmt=webp', 'Chicken flavor ramen noodle instant lunch', 'Pasta & Noodles', 2.25, 'oz', 'Maruchan', TRUE, TRUE, FALSE, FALSE, FALSE, FALSE, FALSE, FALSE, FALSE, TRUE, FALSE, FALSE, TRUE, FALSE, TRUE, TRUE, TRUE, TRUE, FALSE, FALSE, FALSE, FALSE),
    ('Nissin Foods Hot & Spicy Chicken Bowl Noodles', 'https://target.scene7.com/is/image/Target/GUEST_b9d1ecfb-3de1-420d-8730-a07680175d3e?wid=400&hei=400&qlt=80&fmt=webp', 'Microwavable instant ramen noodle soup', 'Pasta & Noodles', 3.32, 'oz', 'Nissin', TRUE, FALSE, FALSE, FALSE, FALSE, FALSE, FALSE, FALSE, FALSE, TRUE, FALSE, FALSE, TRUE, FALSE, TRUE, TRUE, TRUE, TRUE, FALSE, FALSE, FALSE, FALSE),
    ('Gluten Free Chickpea Cavatappi', 'https://target.scene7.com/is/image/Target/GUEST_e2b2a445-0029-4ac8-afc1-a99f97be7e9c?wid=600&hei=600&qlt=80&fmt=webp', 'Banza pasta is a fantastic source of plant-based protein, making vegetarian and vegan meals easy and chickpeas''y.', 'Pasta & Noodles', 8, 'oz', 'Banza', TRUE, TRUE, FALSE, FALSE, FALSE, FALSE, TRUE, FALSE, FALSE, TRUE, TRUE, FALSE, TRUE, FALSE, FALSE, TRUE, TRUE, TRUE, FALSE, FALSE, TRUE, FALSE),
    ('ProteinPLUS Multigrain Penne Pasta', 'https://target.scene7.com/is/image/Target/GUEST_96f47ebc-4860-4252-bc6c-258646a4b076?wid=600&hei=600&qlt=80&fmt=webp', 'BARILLA PROTEIN PLUS PASTA: Good source of plant-based protein with a classic pasta taste and texture', 'Pasta & Noodles', 14.5, 'oz', 'Barilla', TRUE, FALSE, FALSE, FALSE, FALSE, FALSE, TRUE, FALSE, FALSE, TRUE, TRUE, FALSE, TRUE, FALSE, TRUE, TRUE, TRUE, TRUE, FALSE, FALSE, FALSE, FALSE),
    ('Wolffs Kasha', 'https://m.media-amazon.com/images/I/71lejTIonkL._SX679_PIbundle-78,TopRight,0,0_AA679SH20_.jpg',	'Wolffs whole buckwheat kasha',	'Grains',	13,	'oz',	'Wolffs',	TRUE,	TRUE,	FALSE,	FALSE,	TRUE,	TRUE,	FALSE,	FALSE,	TRUE,	TRUE,	TRUE,	FALSE,	TRUE,	FALSE,	TRUE,	FALSE,	TRUE,	TRUE,	TRUE,	TRUE,	TRUE,	TRUE),
    ('Barilla Blue Box Spaghetti', 'https://target.scene7.com/is/image/Target/GUEST_3e6b4a7e-8960-4dbf-9116-ed69be15bc74?wid=475&hei=475&qlt=80&fmt=webp', 'Give BARILLA Blue Box Spaghetti a twirl! No doubt its the most fun pasta to eat and its delicious texture will please the whole family', 'Pasta & Noodles', 16, 'oz', 'Barilla', TRUE, TRUE, FALSE, FALSE, FALSE, FALSE, TRUE, FALSE, FALSE, TRUE, TRUE, FALSE, TRUE, FALSE, TRUE, TRUE, TRUE, TRUE, FALSE, FALSE, FALSE, FALSE),
    ('Rotini Pasta', 'https://target.scene7.com/is/image/Target/GUEST_f58356dd-ae68-4fda-8e2c-128ca5355aaa?wid=600&hei=600&qlt=80&fmt=webp', 'Rotini (meaning "twists") are two-inch lengths of thick, screw-like pasta', 'Pasta & Noodles', 16, 'oz', 'Barilla', TRUE, TRUE, FALSE, FALSE, FALSE, FALSE, TRUE, FALSE, FALSE, TRUE, TRUE, FALSE, TRUE, FALSE, TRUE, TRUE, TRUE, TRUE, FALSE, FALSE, FALSE, FALSE),
    ('King Arthur Flour', 'https://target.scene7.com/is/image/Target/GUEST_266b2ff0-f175-4f4d-94bf-e7056b4da7cc?wid=1200&hei=1200&qlt=80&fmt=webp', 'High-quality all-purpose flour for baking.', 'Baking Supplies', 5, 'lbs', 'King Arthur Flour Company', TRUE, TRUE, TRUE, FALSE, FALSE, FALSE, TRUE, TRUE, TRUE, TRUE, FALSE, FALSE, TRUE, TRUE, TRUE, TRUE, TRUE, TRUE, TRUE, TRUE, TRUE, TRUE),
('Domino Granulated Sugar', 'https://target.scene7.com/is/image/Target/GUEST_2aad9031-24ae-43eb-91ce-dd68c101fed4?wid=1200&hei=1200&qlt=80&fmt=webp', 'Granulated sugar for all your sweetening needs.', 'Baking Supplies', 4, 'lbs', 'Domino', TRUE, TRUE, TRUE, FALSE, FALSE, FALSE, TRUE, TRUE, TRUE, TRUE, FALSE, FALSE, TRUE, TRUE, TRUE, TRUE, TRUE, TRUE, TRUE, TRUE, TRUE, FALSE),
('Arm & Hammer Baking Soda', 'https://m.media-amazon.com/images/I/71SOOQvW5uL.__AC_SX300_SY300_QL70_FMwebp_.jpg', 'Pure baking soda for cooking and cleaning.', 'Baking Supplies', 1, 'lbs', 'Arm & Hammer', TRUE, TRUE, TRUE, FALSE, FALSE, FALSE, TRUE, TRUE, TRUE, TRUE, FALSE, FALSE, TRUE, TRUE, TRUE, TRUE, TRUE, TRUE, TRUE, TRUE, TRUE, FALSE),
('Garlick Farms Buttermilk', 'https://d3cizcpymoenau.cloudfront.net/images/20636/SIL_Buttermilk_Garelick480.jpg', 'Creamy and rich buttermilk for baking and cooking.', 'Dairy', 2, 'quarts', 'Garlick Farms', TRUE, TRUE, TRUE, FALSE, FALSE, FALSE, TRUE, TRUE, TRUE, TRUE, FALSE, FALSE, TRUE, TRUE, TRUE, TRUE, TRUE, TRUE, TRUE, TRUE, TRUE, FALSE),
('Nestlé Toll House Semi-Sweet Chocolate Chips', 'https://i5.walmartimages.com/seo/Nestle-Toll-House-Semi-Sweet-Chocolate-Chips-Chunks-11-5-oz-Bag_0bc599d7-e976-46f5-9e9d-ecf4000f7b1c.2b00d2dfc1d851884c64e119c93b39b0.jpeg?odnHeight=612&odnWidth=612&odnBg=FFFFFF', 'Delicious semi-sweet chocolate chips for baking.', 'Baking Supplies', 12, 'oz', 'Nestlé', TRUE, TRUE, TRUE, FALSE, FALSE, FALSE, TRUE, TRUE, TRUE, TRUE, FALSE, FALSE, TRUE, TRUE, TRUE, TRUE, TRUE, TRUE, TRUE, TRUE, TRUE, FALSE),
('McCormick Ground White Pepper', 'https://m.media-amazon.com/images/I/519fUiOWslS._SX300_SY300_QL70_FMwebp_.jpg', 'Ground white pepper adds mild heat to your dishes.', 'Spices', 2, 'oz', 'McCormick', TRUE, TRUE, TRUE, FALSE, FALSE, FALSE, TRUE, TRUE, TRUE, TRUE, FALSE, FALSE, TRUE, TRUE, TRUE, TRUE, TRUE, TRUE, TRUE, TRUE, TRUE, FALSE),
('Oatly Oat Milk', 'https://target.scene7.com/is/image/Target/GUEST_1b3078ab-7306-49da-9b1e-55a9232fa694?wid=1200&hei=1200&qlt=80&fmt=webp', 'Dairy-free oat milk for a creamy and sustainable option.', 'Dairy', 1, 'quart', 'Oatly', TRUE, TRUE, TRUE, TRUE, FALSE, FALSE, TRUE, TRUE, TRUE, TRUE, FALSE, FALSE, TRUE, TRUE, TRUE, TRUE, TRUE, TRUE, TRUE, TRUE, TRUE, FALSE),
('Natures Nate 100% Pure Raw & Unfiltered Honey', 'https://www.foodservicedirect.com/media/catalog/product/0/3/038778830321.jpg?width=1200&height=1200&quality=85&fit=bounds', 'Pure and raw honey for sweetening and cooking.', 'Condiments', 32, 'oz', 'Natures Nate', TRUE, TRUE, TRUE, FALSE, FALSE, FALSE, TRUE, TRUE, TRUE, TRUE, FALSE, FALSE, TRUE, TRUE, TRUE, TRUE, TRUE, TRUE, TRUE, TRUE, TRUE, FALSE),
('Davis Baking Powder', 'https://m.media-amazon.com/images/I/81+OCC6wkEL._SX679_.jpg', 'Double-acting baking powder for light and fluffy baked goods.', 'Baking Supplies', 8.1, 'oz', 'Davis', TRUE, TRUE, TRUE, FALSE, FALSE, FALSE, TRUE, TRUE, TRUE, TRUE, FALSE, FALSE, TRUE, TRUE, TRUE, TRUE, TRUE, TRUE, TRUE, TRUE, TRUE, FALSE),
('Crisco Pure Vegetable Oil', 'https://m.media-amazon.com/images/I/71tI0UQgfAL._AC_UL640_FMwebp_QL65_.jpg', 'Pure vegetable oil for frying and baking.', 'Cooking Oils', 48, 'fl oz', 'Crisco', TRUE, TRUE, TRUE, FALSE, FALSE, FALSE, TRUE, TRUE, TRUE, TRUE, FALSE, FALSE, TRUE, TRUE, TRUE, TRUE, TRUE, TRUE, TRUE, TRUE, TRUE, FALSE),
('Nutiva Organic Virgin Coconut Oil', 'https://m.media-amazon.com/images/I/71AcofN5G9L._AC_UL640_FMwebp_QL65_.jpg', 'Organic virgin coconut oil for cooking and skincare.', 'Cooking Oils', 15, 'oz', 'Nutiva', TRUE, TRUE, TRUE, FALSE, FALSE, FALSE, TRUE, TRUE, TRUE, TRUE, FALSE, FALSE, TRUE, TRUE, TRUE, TRUE, TRUE, TRUE, TRUE, TRUE, TRUE, FALSE),
('McCormick Pure Vanilla Extract', 'https://m.media-amazon.com/images/I/71bl6p1ss3L._AC_UL640_FMwebp_QL65_.jpg', 'Pure vanilla extract for baking and flavoring.', 'Baking Supplies', 2, 'fl oz', 'McCormick', TRUE, TRUE, TRUE, FALSE, FALSE, FALSE, TRUE, TRUE, TRUE, TRUE, FALSE, FALSE, TRUE, TRUE, TRUE, TRUE, TRUE, TRUE, TRUE, TRUE, TRUE, FALSE),
('Bobs Red Mill Super-Fine Almond Flour', 'https://m.media-amazon.com/images/I/71221qHKIlL._AC_UL640_FMwebp_QL65_.jpg', 'Super-fine almond flour for gluten-free baking.', 'Baking Supplies', 16, 'oz', 'Bobs Red Mill', TRUE, TRUE, TRUE, FALSE, FALSE, FALSE, TRUE, TRUE, TRUE, TRUE, FALSE, FALSE, TRUE, TRUE, TRUE, TRUE, TRUE, TRUE, TRUE, TRUE, TRUE, FALSE),
('Lindt Excellence 85% Cocoa Dark Chocolate', 'https://m.media-amazon.com/images/I/51pyxIiBejL._AC_UL640_FMwebp_QL65_.jpg', 'Premium dark chocolate with 85% cocoa content.', 'Sweets', 3.5, 'oz', 'Lindt', TRUE, TRUE, TRUE, FALSE, FALSE, FALSE, TRUE, TRUE, TRUE, TRUE, FALSE, FALSE, TRUE, TRUE, TRUE, TRUE, TRUE, TRUE, TRUE, TRUE, TRUE, FALSE),
('Kraft Sharp Shredded Cheese', 'https://m.media-amazon.com/images/I/61by7Iw1MYL._AC_UL640_FMwebp_QL65_.jpg', 'Sharp shredded cheddar cheese for cooking and snacking.', 'Dairy', 8, 'oz', 'Kraft', TRUE, TRUE, TRUE, FALSE, FALSE, FALSE, TRUE, TRUE, TRUE, TRUE, FALSE, FALSE, TRUE, TRUE, TRUE, TRUE, TRUE, TRUE, TRUE, TRUE, TRUE, FALSE),
('Mission Soft Flour Tortillas', 'https://m.media-amazon.com/images/I/715YeXLkVeL._AC_UL640_FMwebp_QL65_.jpg', 'Soft flour tortillas for wrapping delicious fillings.', 'Bakery', 17.5, 'oz', 'Mission', TRUE, TRUE, TRUE, TRUE, FALSE, FALSE, TRUE, TRUE, TRUE, TRUE, FALSE, FALSE, TRUE, TRUE, TRUE, TRUE, TRUE, TRUE, TRUE, TRUE, TRUE, FALSE),
('Cream of Wheat', 'https://m.media-amazon.com/images/I/8123P4L2GOL._AC_UL640_FMwebp_QL65_.jpg', 'Creamy hot cereal made from ground wheat.', 'Breakfast', 28, 'oz', 'Cream of Wheat', TRUE, TRUE, TRUE, FALSE, FALSE, FALSE, TRUE, TRUE, TRUE, TRUE, FALSE, FALSE, TRUE, TRUE, TRUE, TRUE, TRUE, TRUE, TRUE, TRUE, TRUE, FALSE),
('McCormick Ground Cinnamon', 'https://m.media-amazon.com/images/I/816PdDKRpAL._AC_UL640_FMwebp_QL65_.jpg', 'Ground cinnamon adds warmth to your dishes.', 'Spices', 2.37, 'oz', 'McCormick', TRUE, TRUE, TRUE, FALSE, FALSE, FALSE, TRUE, TRUE, TRUE, TRUE, FALSE, FALSE, TRUE, TRUE, TRUE, TRUE, TRUE, TRUE, TRUE, TRUE, TRUE, FALSE),
('McCormick Ground Nutmeg', 'https://m.media-amazon.com/images/I/81fGx7gV1KL._AC_UL640_FMwebp_QL65_.jpg', 'Ground nutmeg adds a nutty and warm flavor to recipes.', 'Spices', 1.12, 'oz', 'McCormick', TRUE, TRUE, TRUE, FALSE, FALSE, FALSE, TRUE, TRUE, TRUE, TRUE, FALSE, FALSE, TRUE, TRUE, TRUE, TRUE, TRUE, TRUE, TRUE, TRUE, TRUE, FALSE),
('Sun-Maid Natural California Raisins', 'https://m.media-amazon.com/images/I/615S80YQ1DL._AC_UL640_FMwebp_QL65_.jpg', 'Natural California raisins for snacking and baking.', 'Sweets', 22.5, 'oz', 'Sun-Maid', TRUE, TRUE, TRUE, FALSE, FALSE, FALSE, TRUE, TRUE, TRUE, TRUE, FALSE, FALSE, TRUE, TRUE, TRUE, TRUE, TRUE, TRUE, TRUE, TRUE, TRUE, FALSE),
('Polly-O Sliced Mozzarella', 'https://encrypted-tbn2.gstatic.com/shopping?q=tbn:ANd9GcSOgOFNIruR_FavaIGNRTVrIPtF-YSAoMehoQxknFLkbgD8ebbQ8kJArjDzKWIvipiNyBgb7nOKmkbo5HQqrHpvjiQSCNZ3g1JJCpKOD1YBc7jKKUGtbGoJvDxL_V9GxhBxlE1MjqKqNPk&usqp=CAc', 'Sliced mozzarella cheese for sandwiches and melting.', 'Dairy', 8, 'oz', 'Polly-O', TRUE, TRUE, TRUE, FALSE, FALSE, FALSE, TRUE, TRUE, TRUE, TRUE, FALSE, FALSE, TRUE, TRUE, TRUE, TRUE, TRUE, TRUE, TRUE, TRUE, TRUE, FALSE),
('Bertolli Extra Virgin Olive Oil', 'https://m.media-amazon.com/images/I/71QkhNT48tL._AC_UL640_FMwebp_QL65_.jpg', 'Extra virgin olive oil for cooking and drizzling.', 'Oils', 25.5, 'fl oz', 'Bertolli', TRUE, TRUE, TRUE, FALSE, FALSE, FALSE, TRUE, TRUE, TRUE, TRUE, FALSE, FALSE, TRUE, TRUE, TRUE, TRUE, TRUE, TRUE, TRUE, TRUE, TRUE, FALSE),
('Newmans Own Balsamic Vinaigrette', 'https://m.media-amazon.com/images/I/818CCXgy4HL._AC_UL640_FMwebp_QL65_.jpg', 'Balsamic vinaigrette dressing for salads and marinades.', 'Condiments', 16, 'fl oz', 'Newmans Own', TRUE, TRUE, TRUE, FALSE, FALSE, FALSE, TRUE, TRUE, TRUE, TRUE, FALSE, FALSE, TRUE, TRUE, TRUE, TRUE, TRUE, TRUE, TRUE, TRUE, TRUE, FALSE),
('Mission Whole Wheat Wrap', 'https://m.media-amazon.com/images/I/81vnaJJ64LL._AC_UL640_FMwebp_QL65_.jpg', 'Whole wheat wraps for making delicious wraps and burritos.', 'Bakery', 20, 'oz', 'Mission', TRUE, TRUE, TRUE, TRUE, FALSE, FALSE, TRUE, TRUE, TRUE, TRUE, FALSE, FALSE, TRUE, TRUE, TRUE, TRUE, TRUE, TRUE, TRUE, TRUE, TRUE, FALSE),
('Sabra Hummus', 'https://m.media-amazon.com/images/I/819dLWM7MML._AC_UL640_FMwebp_QL65_.jpg', 'Smooth and creamy hummus for dipping and spreading.', 'Snacks', 10, 'oz', 'Sabra', TRUE, TRUE, TRUE, FALSE, FALSE, FALSE, TRUE, TRUE, TRUE, TRUE, FALSE, FALSE, TRUE, TRUE, TRUE, TRUE, TRUE, TRUE, TRUE, TRUE, TRUE, FALSE),
('Bobs Red Mill Farro', 'https://m.media-amazon.com/images/I/61sB7d5NjQL._SX679_PIbundle-4,TopRight,0,0_AA679SH20_.jpg', 'Farro, an ancient grain for salads and side dishes.', 'Grains', 24, 'oz', 'Bobs Red Mill', TRUE, TRUE, TRUE, FALSE, FALSE, FALSE, TRUE, TRUE, TRUE, TRUE, FALSE, FALSE, TRUE, TRUE, TRUE, TRUE, TRUE, TRUE, TRUE, TRUE, TRUE, FALSE),
('Athenos Feta Cheese', 'https://m.media-amazon.com/images/I/81ze-GCnRiL._AC_UL640_FMwebp_QL65_.jpg', 'Crumbled feta cheese for salads and Mediterranean dishes.', 'Dairy', 4, 'oz', 'Athenos', TRUE, TRUE, TRUE, FALSE, FALSE, FALSE, TRUE, TRUE, TRUE, TRUE, FALSE, FALSE, TRUE, TRUE, TRUE, TRUE, TRUE, TRUE, TRUE, TRUE, TRUE, FALSE),
('Oscar Mayer Bacon', 'https://m.media-amazon.com/images/I/81wnbh26juL._AC_SR360,240_QL70_.jpg', 'Premium bacon for a delicious breakfast or BLT sandwich.', 'Meat', 16, 'oz', 'Oscar Mayer', TRUE, TRUE, TRUE, TRUE, FALSE, FALSE, TRUE, TRUE, TRUE, TRUE, FALSE, FALSE, TRUE, TRUE, TRUE, TRUE, TRUE, TRUE, TRUE, TRUE, TRUE, FALSE),
('Kraft Cheddar Cheese Slices', 'https://m.media-amazon.com/images/I/918TUqOtHEL._AC_UL640_FMwebp_QL65_.jpg', 'Cheddar cheese slices for sandwiches and snacking.', 'Dairy', 12, 'oz', 'Kraft', TRUE, TRUE, TRUE, FALSE, FALSE, FALSE, TRUE, TRUE, TRUE, TRUE, FALSE, FALSE, TRUE, TRUE, TRUE, TRUE, TRUE, TRUE, TRUE, TRUE, TRUE, FALSE),
('Martins Potato Rolls Hamburger Buns', 'https://m.media-amazon.com/images/I/41RmseaDk5L._AC_UL640_FMwebp_QL65_.jpg', 'Soft potato rolls for making delicious burgers.', 'Bakery', 16, 'oz', 'Martin', TRUE, TRUE, TRUE, TRUE, FALSE, FALSE, TRUE, TRUE, TRUE, TRUE, FALSE, FALSE, TRUE, TRUE, TRUE, TRUE, TRUE, TRUE, TRUE, TRUE, TRUE, FALSE),
('Frenchs Mustard', 'https://m.media-amazon.com/images/I/71DGpp5UbuL._AC_UL640_FMwebp_QL65_.jpg', 'Classic yellow mustard for hot dogs and sandwiches.', 'Condiments', 14, 'oz', 'French', TRUE, TRUE, TRUE, FALSE, FALSE, FALSE, TRUE, TRUE, TRUE, TRUE, FALSE, FALSE, TRUE, TRUE, TRUE, TRUE, TRUE, TRUE, TRUE, TRUE, TRUE, FALSE),
('DiGiorno Frozen Pizza', 'https://m.media-amazon.com/images/I/91NfVHXVeLL._AC_UL640_FMwebp_QL65_.jpg', 'Frozen pizza for a quick and delicious meal.', 'Frozen Foods', 28.3, 'oz', 'DiGiorno', TRUE, TRUE, FALSE, TRUE, FALSE, FALSE, TRUE, TRUE, TRUE, FALSE, FALSE, FALSE, TRUE, TRUE, TRUE, TRUE, TRUE, TRUE, FALSE, FALSE, FALSE, FALSE),
('Pillsbury Pre-made Pizza Dough', 'https://m.media-amazon.com/images/I/91zwc0Akp9L._AC_UL640_FMwebp_QL65_.jpg', 'Pre-made pizza dough for easy homemade pizza.', 'Baking Supplies', 13.8, 'oz', 'Pillsbury', TRUE, TRUE, TRUE, TRUE, FALSE, FALSE, TRUE, TRUE, TRUE, FALSE, FALSE, FALSE, TRUE, TRUE, TRUE, TRUE, TRUE, TRUE, FALSE, FALSE, FALSE, FALSE),
('Kraft Shredded Mozzarella', 'https://m.media-amazon.com/images/I/810waWLD1eL._AC_UL640_FMwebp_QL65_.jpg', 'Shredded mozzarella cheese for pizza and pasta.', 'Dairy', 8, 'oz', 'Kraft', TRUE, TRUE, TRUE, FALSE, FALSE, FALSE, TRUE, TRUE, TRUE, TRUE, FALSE, FALSE, TRUE, TRUE, TRUE, TRUE, TRUE, TRUE, TRUE, TRUE, TRUE, FALSE),
('Tony Chachere Cajun Seasonings', 'https://i5.walmartimages.com/seo/Tony-Chachere-s-Seasoning-Cajun-Original-17-oz_9eefe6d3-49c2-4b4e-aecd-3df46b2eb053.417856d4f5ed70d8391fb53bbd414e01.jpeg?odnHeight=612&odnWidth=612&odnBg=FFFFFF', 'Cajun seasoning for adding flavor to your dishes.', 'Spices', 17, 'oz', 'Tony Chachere', TRUE, TRUE, TRUE, FALSE, FALSE, FALSE, TRUE, TRUE, TRUE, TRUE, FALSE, FALSE, TRUE, TRUE, TRUE, TRUE, TRUE, TRUE, TRUE, TRUE, TRUE, FALSE),
('Lays Classic Potato Chips', 'https://m.media-amazon.com/images/I/81caOsUq7JL._AC_UL640_FMwebp_QL65_.jpg', 'Classic potato chips for snacking.', 'Snacks', 7.75, 'oz', 'Lays', TRUE, TRUE, TRUE, TRUE, FALSE, FALSE, TRUE, TRUE, TRUE, TRUE, FALSE, FALSE, TRUE, TRUE, TRUE, TRUE, TRUE, TRUE, TRUE, TRUE, TRUE, FALSE),
('Gatorade Thirst Quencher', 'https://m.media-amazon.com/images/I/61r7GnJNV3S._AC_UL640_FMwebp_QL65_.jpg', 'Sports drink to stay hydrated during physical activities.', 'Beverages', 32, 'fl oz', 'Gatorade', TRUE, TRUE, TRUE, FALSE, FALSE, FALSE, TRUE, TRUE, TRUE, TRUE, FALSE, FALSE, TRUE, TRUE, TRUE, TRUE, TRUE, TRUE, TRUE, TRUE, TRUE, FALSE),
('Nabisco Oreo Chocolate Sandwich Cookies', 'https://m.media-amazon.com/images/I/71B5E8NbY-L._AC_UL640_FMwebp_QL65_.jpg', 'Chocolate sandwich cookies with a creamy filling.', 'Sweets', 14.3, 'oz', 'Nabisco', TRUE, TRUE, TRUE, FALSE, FALSE, FALSE, TRUE, TRUE, TRUE, TRUE, FALSE, FALSE, TRUE, TRUE, TRUE, TRUE, TRUE, TRUE, TRUE, TRUE, TRUE, FALSE),
('Coca-Cola Classic', 'https://m.media-amazon.com/images/I/61jmD2Q1-9L._AC_UL640_FMwebp_QL65_.jpg', 'Classic Coca-Cola for a refreshing beverage.', 'Beverages', 12, 'fl oz', 'Coca-Cola', TRUE, TRUE, TRUE, FALSE, FALSE, FALSE, TRUE, TRUE, TRUE, TRUE, FALSE, FALSE, TRUE, TRUE, TRUE, TRUE, TRUE, TRUE, TRUE, TRUE, TRUE, FALSE),
('Lipton Black Tea Bags', 'https://m.media-amazon.com/images/I/71ZQudG3g1L._AC_UL640_FMwebp_QL65_.jpg', 'Black tea bags for a comforting cup of tea.', 'Beverages', 100, 'ct', 'Lipton', TRUE, TRUE, TRUE, FALSE, FALSE, FALSE, TRUE, TRUE, TRUE, TRUE, FALSE, FALSE, TRUE, TRUE, TRUE, TRUE, TRUE, TRUE, TRUE, TRUE, TRUE, FALSE),
('Starbucks Pike Place Roast Ground Coffee', 'https://m.media-amazon.com/images/I/91SHIyRw0qL._AC_UL640_FMwebp_QL65_.jpg', 'Pike Place Roast coffee for a rich and smooth brew.', 'Beverages', 12, 'oz', 'Starbucks', TRUE, TRUE, TRUE, FALSE, FALSE, FALSE, TRUE, TRUE, TRUE, TRUE, FALSE, FALSE, TRUE, TRUE, TRUE, TRUE, TRUE, TRUE, TRUE, TRUE, TRUE, FALSE),
('Ocean Spray Cranberry Juice Cocktail', 'https://m.media-amazon.com/images/I/7142lL7w3cL._AC_UL640_FMwebp_QL65_.jpg', 'Cranberry juice cocktail for a refreshing drink.', 'Beverages', 64, 'fl oz', 'Ocean Spray', TRUE, TRUE, TRUE, FALSE, FALSE, FALSE, TRUE, TRUE, TRUE, TRUE, FALSE, FALSE, TRUE, TRUE, TRUE, TRUE, TRUE, TRUE, TRUE, TRUE, TRUE, FALSE);


INSERT INTO store_product (product_id, store_id, product_price, product_discount) 
VALUES
    (1, 1, 2.99, 0.1),
    (1, 2, 1.99, 0.2), 
    (1, 3, 4.99, 0.3),
    (2, 1, 1.99, 0.3), 
    (2, 2, 0.99, 0.3),
    (2, 3, 1.79, 0.3),
    (3, 1, 5.99, 0.3), 
    (3, 2, 2.99, 0.3),
    (3, 3, 4.79, 0.3),
    (182, 1, 3,  0),
    (182, 2, 2.49, 0),
    (182, 3, 3.25, 0),
    (182, 4 , 4.24, 0),
    (182, 5, 2.75, 0),
    (182, 6, 3.59, 0),
    (182, 7, 4.99, 0),
    (182, 8, 2.75, 0),
    (182, 9, 4.20, 0),
    (182, 10, 3.19, 0),
    (182, 11, 4.99, 0),
    (182, 12, 5.25, 0),
    (182, 13, 5.35, 0),
    (182, 14, 4.75, 0),
    (182, 15, 4.79, 0),
    (182, 16, 3.29, 0),
    (182, 17, 5.75, 0),
    (182, 18, 3.49, 0),
    (182, 19, 5.15, 0),
    (182, 20, 4.19, 0),
    (182, 21, 5.20, 0),
    (182, 22, 3.99, 0),
    (182, 23, 4.29, 0),
      (183, 1,  4.99, 0),
      (183, 2,  4.5 , 0),
      (183, 3,  5.25 , 0),
      (183, 4,  5.99, 0),
      (183, 5,  4.29, 0),
      (183, 6,  5.29 , 0),
      (183, 7,  4.99, 0),
      (183, 8,  3.75, 0),
      (183, 9,  5.89, 0),
      (183, 10, 5.29 , 0),
      (183, 11, 6.25, 0),
      (183, 12, 3.49, 0),
      (183, 13, 5.35, 0),
      (183, 14, 4.19, 0),
      (183, 15, 4.79, 0),
      (183, 16, 4.29, 0),
      (183, 17, 5.75, 0),
      (183, 18, 6.49, 0),
      (183, 19, 6.15, 0),
      (183, 20, 4.19, 0),
      (183, 21, 5.10, 0),
      (183, 22, 2.99, 0),
      (183, 23, 4.20, 0),
    (184, 1,  16.8, 0),--tri-color quinoa
    (184, 2,  17 , 0),
    (184, 3,  16.49 , 0),
    (184, 4,  16.99, 0),
    (184, 5,  16.29, 0),
    (184, 6,  16.25 , 0),
    (184, 7,  15.99, 0),
    (184, 8,  15.75, 0),
    (184, 9,  14.89, 0),
    (184, 10, 17.29 , 0),
    (184, 11, 18.25, 0),
    (184, 12, 15.49, 0),
    (184, 13, 17.35, 0),
    (184, 14, 17.19, 0),
    (184, 15, 16.79, 0),
    (184, 16, 14.29, 0),
    (184, 17, 17.75, 0),
    (184, 18, 16.19, 0),
    (184, 19, 17.15, 0),
    (184, 20, 18.25, 0),
    (184, 21, 18.10, 0),
    (184, 22, 15.79, 0),
    (184, 23, 16.20, 0),
    (185, 1,  7.69, 0),--yolele fonio ancient grain
    (185, 2,  8.25 , 0),
    (185, 3,  8.69 , 0),
    (185, 4,  7.89, 0),
    (185, 5,  6.75, 0),
    (185, 6,  8.29 , 0),
    (185, 7,  8.49, 0),
    (185, 8,  7.29, 0),
    (185, 9,  8.35, 0),
    (185, 10, 8.89 , 0),
    (185, 11, 7.25, 0),
    (185, 12, 7.49, 0),
    (185, 13, 9.35, 0),
    (185, 14, 7.19, 0),
    (185, 15, 9.79, 0),
    (185, 16, 6.29, 0),
    (185, 17, 7.75, 0),
    (185, 18, 16.19, 0),
    (185, 19, 9.15, 0),
    (185, 20, 10.25, 0),
    (185, 21, 9.10, 0),
    (185, 22, 8.79, 0),
    (185, 23, 7.20, 0);



INSERT INTO shopper (shopper_firebase_uid, shopper_email, shopper_first_name, shopper_last_name)
VALUES
    ('StSYbI8Gw1c2cm2oV2IDFn4WwAI2', 'tempuser1@example.com', 'Temp', 'User 1'),
    ('XtXYbI7Gw1c2cm2oV2IDFn5SsBJ3', 'tempuser2@example.com', 'Temp', 'User 2');

-- do not delete - future iteration for account settings
-- INSERT INTO shopper (shopper_firebase_uid, shopper_email, shopper_first_name, shopper_last_name, shopper_profile_pic, shopper_instagram_link, shopper_facebook_link, shopper_dietary_preferences)
-- VALUES
--     ('StSYbI8Gw1c2cm2oV2IDFn4WwAI2', 'tempuser1@example.com', 'Temp', 'User 1', 'profile1.jpg', 'https://www.instagram.com/tempuser1/', 'https://www.facebook.com/tempuser1/', ARRAY['Vegetarian', 'Gluten-Free']),
--     ('XtXYbI7Gw1c2cm2oV2IDFn5SsBJ3', 'tempuser2@example.com', 'Temp', 'User 2', 'profile2.jpg', 'https://www.instagram.com/tempuser2/', 'https://www.facebook.com/tempuser2/', ARRAY['Vegan', 'Keto']);

INSERT INTO review (shopper_firebase_uid, store_id, review_rating, review_comment, review_timestamp)
VALUES
    ('StSYbI8Gw1c2cm2oV2IDFn4WwAI2', 1, 4, 'Great store!', '2023-08-23 10:00:00'),
    ('XtXYbI7Gw1c2cm2oV2IDFn5SsBJ3', 2, 2, 'Not a good store.', '2023-08-23 12:30:00'),
    ('StSYbI8Gw1c2cm2oV2IDFn4WwAI2', 3, 5, 'Excellent products.', '2023-08-23 14:45:00'),
    ('XtXYbI7Gw1c2cm2oV2IDFn5SsBJ3', 4, 4, 'Nice place.', '2023-08-23 15:30:00'),
    ('StSYbI8Gw1c2cm2oV2IDFn4WwAI2', 5, 4, 'Loved the selection.', '2023-08-23 18:00:00'),
    ('XtXYbI7Gw1c2cm2oV2IDFn5SsBJ3', 6, 3, 'Average experience.', '2023-08-24 10:15:00'),
    ('StSYbI8Gw1c2cm2oV2IDFn4WwAI2', 7, 4, 'Friendly staff.', '2023-08-24 13:45:00'),
    ('XtXYbI7Gw1c2cm2oV2IDFn5SsBJ3', 8, 1, 'Could be better.', '2023-08-25 09:30:00');

INSERT INTO favorite (shopper_firebase_uid, product_id)
VALUES
    ('StSYbI8Gw1c2cm2oV2IDFn4WwAI2', 1),
    ('XtXYbI7Gw1c2cm2oV2IDFn5SsBJ3', 2),
    ('XtXYbI7Gw1c2cm2oV2IDFn5SsBJ3', 3),
    ('StSYbI8Gw1c2cm2oV2IDFn4WwAI2', 2);

INSERT INTO saving (shopper_firebase_uid, saving_timestamp, store_name, saving_per_trip, saving_total)
VALUES
    ('StSYbI8Gw1c2cm2oV2IDFn4WwAI2', '2023-08-23 10:00:00', 'City Fresh Market', 23.45, 23.45),
    ('XtXYbI7Gw1c2cm2oV2IDFn5SsBJ3', '2023-08-23 12:30:00', 'Buena Vista Deli & Grocery', 21.21, 21.21),
    ('StSYbI8Gw1c2cm2oV2IDFn4WwAI2', '2023-08-23 14:45:00', 'Mr. Lemon', 2.01, 2.01 ),
    ('XtXYbI7Gw1c2cm2oV2IDFn5SsBJ3', '2023-08-23 15:30:00', 'bp', 2, 2),
    ('StSYbI8Gw1c2cm2oV2IDFn4WwAI2', '2023-08-23 18:00:00', 'Mr. Lemon', 3, 3),
    ('XtXYbI7Gw1c2cm2oV2IDFn5SsBJ3', '2023-08-24 10:15:00', 'Buena Vista Deli & Grocery', 3.44, 3.44),
    ('StSYbI8Gw1c2cm2oV2IDFn4WwAI2', '2023-08-24 13:45:00', 'EUROPE', 5.67, 5.67),
    ('XtXYbI7Gw1c2cm2oV2IDFn5SsBJ3', '2023-08-25 09:30:00', 'Buena Vista Deli & Grocery', 120.90, 120.90);

INSERT INTO location (location_zipCode, location_latitude, location_longitude)
VALUES
    (10001,40.750633, -73.997177),
    (10002,40.715775, -73.986212),
    (10003,40.731829, -73.989181),
    (10004,40.688630, -74.018244),
    (10005,40.706027, -74.008835),
    (10006,40.709614, -74.012954),
    (10007,40.713848, -74.007755),
    (10009,40.726399, -73.978631),
    (10010,40.739065, -73.982255),
    (10011,40.742039, -74.000620),
    (10012,40.725581, -73.998078),
    (10013,40.720103, -74.004903),
    (10014,40.734012, -74.006746),
    (10016,40.745224, -73.978297),
    (10017,40.752360, -73.972493),
    (10018,40.755319, -73.993114),
    (10019,40.765823, -73.987169),
    (10020,40.758236, -73.978833),
    (10021,40.769258, -73.958751),
    (10022,40.758628, -73.967948),
    (10023,40.775921, -73.982607),
    (10024,40.798452, -73.974428),
    (10025,40.798601, -73.966622),
    (10026,40.802381, -73.952681),
    (10027,40.811407, -73.953060),
    (10028,40.776441, -73.953509),
    (10029,40.791763, -73.943970),
    (10030,40.818267, -73.942856),
    (10031,40.825288, -73.950045),
    (10032,40.838815, -73.942836),
    (10033,40.850545, -73.933983),
    (10034,40.867076, -73.924312),
    (10035,40.795455, -73.929655),
    (11235,40.583949, -73.949096),
    (11236,40.639413, -73.900664),
    (11237,40.704160, -73.921139),
    (11238,40.679171, -73.963804),
    (11239,40.647735, -73.879477),
    (11351,40.780747, -73.825301),
    (11354,40.768208, -73.827403),
    (11355,40.751452, -73.821031),
    (11356,40.784850, -73.841279),
    (11357,40.786393, -73.810864),
    (11358,40.760471, -73.796371),
    (11359,40.791781, -73.776875),
    (11360,40.780379, -73.781230),
    (11361,40.764191, -73.772775),
    (11362,40.756574, -73.737845),
    (11363,40.772616, -73.746526),
    (11364,40.745289, -73.760586),
    (11365,40.739634, -73.794490);